mlbam,name,active,address1,address2,postal_code,city,state,country,phone,lat,lon,turf_type,roof_type,left_line,right_line,left,center,right,left_center,right_center,tz_id,tz_offset,tz,retroID
5515,Colorado Convention Center,True,,,,Denver,CO,USA,,,,Indoor,Indoor,,,,,,,,America/Denver,-6,MDT,
5520,FredNats Ballpark,True,42 Jackie Robinson Way,,22401,Fredericksburg,VA,USA,,,,Artificial Turf,Open,,,,,,,,America/New_York,-4,EDT,
5525,ABC Supply Stadium,True,217 Shirland Ave,,53511,Beloit,WI,USA,,,,Artificial Turf,Open,,,,,,,,America/Chicago,-5,CDT,
6006,Billy Hebert Field,False,,,,Stockton,CA,USA,,,,Grass,Open,,,,,,,,America/Los_Angeles,-7,PDT,
5204,Cleveland Arena,False,,,,Cleveland,OH,USA,,,,Indoor,Dome,,,,,,,,America/New_York,-4,EDT,
2758,Dwyer Stadium,True,299 Bank Street,,14020,Batavia,NY,USA,,,,Grass,Open,325.0,325.0,,400.0,,,,America/New_York,-4,EDT,
5205,Coliseum at Richfield,False,,,,Cleveland,OH,USA,,,,Indoor,Dome,,,,,,,,America/New_York,-4,EDT,
5206,Denver Arena Auditorium,False,,,,Denver,CO,USA,,,,Indoor,Dome,,,,,,,,America/Denver,-6,MDT,
5213,Municipal Auditorium,False,,,,Philadelphia,PA,USA,,,,Indoor,Dome,,,,,,,,America/New_York,-4,EDT,
5214,San Francisco Civic Auditorium,False,,,,San Francisco,CA,USA,,,,Indoor,Dome,,,,,,,,America/Los_Angeles,-7,PDT,
5215,San Diego Sports Arena,False,,,,San Diego,CA,USA,,,,Indoor,Dome,,,,,,,,America/Los_Angeles,-7,PDT,
5216,Hofheinz Pavilion,False,,,,Houston,TX,USA,,,,Indoor,Dome,,,,,,,,America/Chicago,-5,CDT,
5217,Compaq Center,False,,,,Houston,TX,USA,,,,Indoor,Dome,,,,,,,,America/Chicago,-5,CDT,
5218,Indiana State Fairgrounds Coliseum,False,,,,Indianapolis,IN,USA,,,,Indoor,Dome,,,,,,,,America/Indiana/Indianapolis,-4,EDT,
5219,Market Square Arena,False,,,,Indianapolis,IN,USA,,,,Indoor,Dome,,,,,,,,America/Indiana/Indianapolis,-4,EDT,
5220,Minneapolis Auditorium,False,,,,Minneapolis,MN,USA,,,,Indoor,Dome,,,,,,,,America/Chicago,-5,CDT,
5221,Minneapolis Armory,False,,,,Minneapolis,MN,USA,,,,Indoor,Dome,,,,,,,,America/Chicago,-5,CDT,
5222,Pyramid Arena,False,,,,Memphis,TN,USA,,,,Indoor,Dome,,,,,,,,America/Chicago,-5,CDT,
5223,KeyArena at Seattle Center,False,,,,Seattle,WA,USA,,,,Indoor,Dome,,,,,,,,America/Los_Angeles,-7,PDT,
5224,Tacoma Dome,False,,,,Tacoma,WA,USA,,,,Indoor,Dome,,,,,,,,America/Los_Angeles,-7,PDT,
5225,Amway Arena,False,,,,Orlando,FL,USA,,,,Indoor,Dome,,,,,,,,America/New_York,-4,EDT,
5226,State Fair Coliseum,False,,,,Syracuse,NY,USA,,,,Indoor,Dome,,,,,,,,America/New_York,-4,EDT,
5227,Oncenter War Memorial Arena,False,,,,Syracuse,NY,USA,,,,Indoor,Dome,,,,,,,,America/New_York,-4,EDT,
5228,Arizona Veterans Memorial Coliseum,False,,,,Phoenix,AZ,USA,,,,Indoor,Dome,,,,,,,,America/Phoenix,-7,MST,
5229,Wharton Fieldhouse,False,,,,Moline,IL,USA,,,,Indoor,Dome,,,,,,,,America/Chicago,-5,CDT,
5230,MECCA Arena,False,,,,Milwaukee,WI,USA,,,,Indoor,Dome,,,,,,,,America/Chicago,-5,CDT,
5231,Kiel Auditorium,False,,,,St. Louis,MO,USA,,,,Indoor,Dome,,,,,,,,America/Chicago,-5,CDT,
5232,Alexander Coliseum,False,,,,Atlanta,GA,USA,,,,Indoor,Dome,,,,,,,,America/New_York,-4,EDT,
5233,Teaneck Armory,False,,,,Teaneck,NJ,USA,,,,Indoor,Dome,,,,,,,,America/New_York,-4,EDT,
5234,Long Island Arena,False,,,,Commack,NY,USA,,,,Indoor,Dome,,,,,,,,America/New_York,-4,EDT,
5235,Island Garden,False,,,,West Hempstead,NY,USA,,,,Indoor,Dome,,,,,,,,America/New_York,-4,EDT,
5236,Rutgers Athletic Center,False,,,,Piscataway,NJ,USA,,,,Indoor,Dome,,,,,,,,America/New_York,-4,EDT,
5237,Izod Center,False,,,,East Rutherford,NJ,USA,,,,Indoor,Dome,,,,,,,,America/New_York,-4,EDT,
2866,ShoreTown Ballpark,True,2 Stadium Way,,08701,Lakewood,NJ,USA,,40.0751153,-74.18700152,Grass,Open,,,,,,,,America/New_York,-4,EDT,
4469,Alamodome,False,100 Montana Street,,78203,San Antonio,TX,USA,,,,Artificial Turf,Dome,340.0,280.0,,395.0,,,,America/Chicago,-5,CDT,
4350,Suplizio Field,True,1315 N. Avenue,,81501,Grand Junction,CO,USA,,,,Grass,Open,302.0,330.0,365.0,400.0,,410.0,380.0,America/Denver,-6,MDT,
4720,Artillery Park,False,,,,Wilkes-Barre,PA,USA,,,,Grass,Open,,,,,,,,America/New_York,-4,EDT,
4721,Athletic Park,False,,,,Scranton,PA,USA,,,,Grass,Open,,,,,,,,America/New_York,-4,EDT,
4722,Bay Street Ball Grounds,False,,,,Rochester,NY,USA,,,,Grass,Open,,,,,,,,America/New_York,-4,EDT,
4723,Bill Wigle Field,False,,,,Boise,ID,USA,,,,Grass,Open,,,,,,,,America/Boise,-6,MDT,
4724,Bob Hoffman Stadium,False,,,,York,PA,USA,,,,Grass,Open,,,,,,,,America/New_York,-4,EDT,
4725,Browning-Leonard Park,False,,,,Harlan,KY,USA,,,,Grass,Open,,,,,,,,America/New_York,-4,EDT,
4726,Chemeteka Community College,False,,,,Salem,OR,USA,,,,Grass,Open,,,,,,,,America/Los_Angeles,-7,PDT,
4727,Clark Field,False,,,,Lafayette,LA,USA,,,,Grass,Open,,,,,,,,America/Chicago,-5,CDT,
4728,Clyde Allen Field,False,,,,Coos Bay,OR,USA,,,,Grass,Open,,,,,,,,America/Los_Angeles,-7,PDT,
4729,Devereaux Meadow,False,,,,Raleigh,NC,USA,,,,Grass,Open,,,,,,,,America/New_York,-4,EDT,
4730,Dobyns-Bennett High School,False,,,,Kingsport,TN,USA,,,,Grass,Open,,,,,,,,America/New_York,-4,EDT,
4732,Durkee Field,False,,,,Jacksonville,FL,USA,,,,Grass,Open,,,,,,,,America/New_York,-4,EDT,
4733,Island Field,False,,,,Harrisburg,PA,USA,,,,Grass,Open,,,,,,,,America/New_York,-4,EDT,
4734,Jennings Stadium,False,,,,Augusta,GA,USA,,,,Grass,Open,,,,,,,,America/New_York,-4,EDT,
4735,John Affleck Park,False,,,,Ogden,UT,USA,,,,Grass,Open,,,,,,,,America/Denver,-6,MDT,
3832,AL Stadium,True,,,,AL City,,USA,,,,Grass,Open,,,,,,,,America/New_York,-4,EDT,
3833,NL Stadium,True,,,,NL City,,USA,,,,Grass,Open,,,,,,,,America/New_York,-4,EDT,
3389,Dickey-Stephens Park,True,400 W. Broadway,,72114,North Little Rock,AR,USA,,,,Grass,Open,332.0,330.0,,400.0,,410.0,395.0,America/Chicago,-5,CDT,
3529,Duane Banks Field,False,,,,Iowa City,IA,USA,,,,Artificial Turf,Open,329.0,329.0,,395.0,,375.0,375.0,America/Chicago,-5,CDT,
4715,First Horizon Park,True,401 Jackson Street,,37219,Nashville,TN,USA,,36.1728628,-86.78490095,Grass,Open,330.0,310.0,,405.0,,377.0,374.0,America/Chicago,-5,CDT,
3015,Les Murakami Stadium,False,,,,Honolulu,HI,USA,,,,Artificial Turf,Open,325.0,325.0,,385.0,,365.0,365.0,Pacific/Honolulu,-10,HST,
3016,Hans L'Orange Field,False,,,,Waipahu,HI,USA,,,,Grass,Open,330.0,330.0,,400.0,,367.0,387.0,Pacific/Honolulu,-10,HST,
3729,FIU Baseball Stadium,False,,,,Miami,FL,USA,,,,Grass,Open,325.0,325.0,,400.0,370.0,375.0,375.0,America/New_York,-4,EDT,
3834,Goodyear Ballpark,True,Goodyear Ballpark,1933 S Ballpark Way,85338,Goodyear,AZ,USA,(623) 882-3120,33.42892,-112.39027,Grass,Open,340.0,340.0,375.0,400.0,375.0,,,America/Phoenix,-7,MST,
4700,Fowler Park and Cunningham Field,False,,,,San Diego,CA,USA,,,,Grass,Open,312.0,327.0,,391.0,,370.0,385.0,America/Los_Angeles,-7,PDT,
5190,Charlotte Coliseum,False,,,,Charlotte,NC,USA,,,,Indoor,Dome,,,,,,,,America/New_York,-4,EDT,
5191,Memorial Coliseum,False,,,,Portland,OR,USA,,,,Indoor,Dome,,,,,,,,America/Los_Angeles,-7,PDT,
5192,Edgerton Park Arena,False,,,,Rochester,NY,USA,,,,Indoor,Dome,,,,,,,,America/New_York,-4,EDT,
5193,Rochester Community War Mem,False,,,,Rochester,NY,USA,,,,Indoor,Dome,,,,,,,,America/New_York,-4,EDT,
5194,Cincinnati Gardens,False,,,,Cincinnati,OH,USA,,,,Indoor,Dome,,,,,,,,America/New_York,-4,EDT,
5195,Municipal Auditorium,False,,,,Kansas City,MO,USA,,,,Indoor,Dome,,,,,,,,America/Chicago,-5,CDT,
5196,ARCO Arena,False,,,,Sacramento,CA,USA,,,,Indoor,Dome,,,,,,,,America/Los_Angeles,-7,PDT,
5197,Dallas Memorial Auditorium,False,,,,Dallas,TX,USA,,,,Indoor,Dome,,,,,,,,America/Chicago,-5,CDT,
5198,Tarrant County Convention Center,False,,,,Ft. Worth,TX,USA,,,,Indoor,Dome,,,,,,,,America/Chicago,-5,CDT,
5199,HemisFair Arena,False,,,,San Antonio,TX,USA,,,,Indoor,Dome,,,,,,,,America/Chicago,-5,CDT,
5200,Municipal Auditorium,False,,,,New Orleans,LA,USA,,,,Indoor,Dome,,,,,,,,America/Chicago,-5,CDT,
5201,Salt Palace,False,,,,Salt Lake City,UT,USA,,,,Indoor,Dome,,,,,,,,America/Denver,-6,MDT,
5202,International Amphitheatre,False,,,,Chicago,IL,USA,,,,Indoor,Dome,,,,,,,,America/Chicago,-5,CDT,
5203,Baltimore Civic Center,False,,,,Baltimore,MD,USA,,,,Indoor,Dome,,,,,,,,America/New_York,-4,EDT,
3489,Melaleuca Field,True,,,,Idaho Falls,ID,USA,,,,Grass,Open,340.0,350.0,,400.0,,,,America/Boise,-6,MDT,
5207,North Side High School,False,,,,Fort Wayne,MI,USA,,,,Indoor,Dome,,,,,,,,America/Indiana/Indianapolis,-4,EDT,
5208,War Memorial Coliseum,False,,,,Fort Wayne,MI,USA,,,,Indoor,Dome,,,,,,,,America/Indiana/Indianapolis,-4,EDT,
5209,Olympic Stadium,False,,,,Detroit,MI,USA,,,,Indoor,Dome,,,,,,,,America/Detroit,-4,EDT,
5210,Cobo Arena,False,,,,Detroit,MI,USA,,,,Indoor,Dome,,,,,,,,America/Detroit,-4,EDT,
5211,Pontiac Silverdome,False,,,,Pontiac,MI,USA,,,,Indoor,Dome,,,,,,,,America/Detroit,-4,EDT,
5212,Philadelphia Arena,False,,,,Philadelphia,PA,USA,,,,Indoor,Dome,,,,,,,,America/New_York,-4,EDT,
4736,Johnson Field,False,,,,Binghamton,NY,USA,,,,Grass,Open,,,,,,,,America/New_York,-4,EDT,
4737,Lauer's Park,False,,,,Reading/Albany,PA,USA,,,,Grass,Open,,,,,,,,America/New_York,-4,EDT,
4738,Lawrence Stadium,False,,,,Portsmouth,VA,USA,,,,Grass,Open,,,,,,,,America/New_York,-4,EDT,
4739,League Park,False,,,,Mobile,AL,USA,,,,Grass,Open,,,,,,,,America/Chicago,-5,CDT,
4740,Marion High School,False,,,,Marion,VA,USA,,,,Grass,Open,,,,,,,,America/New_York,-4,EDT,
4741,Max Hess Stadium,False,,,,Allentown,PA,USA,,,,Grass,Open,,,,,,,,America/New_York,-4,EDT,
4742,McConnell Field,False,,,,Utica,NY,USA,,,,Grass,Open,,,,,,,,America/New_York,-4,EDT,
4743,McNearney Stadium,False,,,,Schenectady,NY,USA,,,,Grass,Open,,,,,,,,America/New_York,-4,EDT,
4744,Municipal Stadium,False,,,,Rocky Mount,NC,USA,,,,Grass,Open,,,,,,,,America/New_York,-4,EDT,
4745,Paul G. Fyffe Field,False,,,,Paintsville,KY,USA,,,,Grass,Open,,,,,,,,America/New_York,-4,EDT,
4746,Robbins Park,False,,,,Red Springs,NC,USA,,,,Grass,Open,,,,,,,,America/New_York,-4,EDT,
4747,Schepps Palm Field,False,,,,Corpus Christi,TX,USA,,,,Grass,Open,,,,,,,,America/Chicago,-5,CDT,
4748,Scranton Stadium,False,,,,Scranton,PA,USA,,,,Grass,Open,,,,,,,,America/New_York,-4,EDT,
4749,Senior High Stadium,False,,,,Statesville,NC,USA,,,,Grass,Open,,,,,,,,America/New_York,-4,EDT,
4751,Stumpf Field,False,,,,Lancaster,PA,USA,,,,Grass,Open,,,,,,,,America/New_York,-4,EDT,
4752,Tech Field,False,,,,San Antonio,TX,USA,,,,Grass,Open,,,,,,,,America/Chicago,-5,CDT,
4753,Texas League Park,False,,,,Oklahoma City,OK,USA,,,,Grass,Open,,,,,,,,America/Chicago,-5,CDT,
4754,Tullar Field,False,,,,Wellsville,NY,USA,,,,Grass,Open,,,,,,,,America/Toronto,-4,EDT,
4755,Withers Field,False,,,,Wytheville,VA,USA,,,,Grass,Open,,,,,,,,America/Los_Angeles,-7,PDT,
4756,Withers Field,False,,,,Wytheville,VA,USA,,,,Grass,Open,,,,,,,,America/New_York,-4,EDT,
4757,Ainsworth Field,False,,,,Erie,PA,USA,,,,Grass,Open,,,,,,,,America/New_York,-4,EDT,
4758,Al Lopez Field,False,,,,Tampa,FL,USA,,,,Grass,Open,,,,,,,,America/New_York,-4,EDT,
4759,Albuquerque Sports Stadium,False,,,,Albuquerque,NM,USA,,,,Grass,Open,,,,,,,,America/Denver,-6,MDT,
4760,All-Sports Stadium,False,,,,Oklahoma City,OK,USA,,,,Grass,Open,,,,,,,,America/Chicago,-5,CDT,
4761,Alumni Field,False,,,,Butte,MT,USA,,,,Grass,Open,,,,,,,,America/Denver,-6,MDT,
4762,Alumni Field,False,,,,Lowell,MA,USA,,,,Grass,Open,,,,,,,,America/New_York,-4,EDT,
4763,Anderson Memorial Stadium,False,,,,Anderson,SC,USA,,,,Grass,Open,,,,,,,,America/New_York,-4,EDT,
4764,Angels Stadium,False,,,,Palm Springs,CA,USA,,,,Grass,Open,,,,,,,,America/Los_Angeles,-7,PDT,
4766,Athletic Park,False,,,,Wausau,WI,USA,,,,Grass,Open,,,,,,,,America/Chicago,-5,CDT,
4767,Baseball City Stadium,False,,,,Davenport,FL,USA,,,,Grass,Open,,,,,,,,America/New_York,-4,EDT,
4768,Beehive Field,False,,,,New Britain,CT,USA,,,,Grass,Open,,,,,,,,America/New_York,-4,EDT,
4769,Bernie Arbour Memorial stadium,False,,,,Hamilton,NY,USA,,,,Grass,Open,,,,,,,,America/New_York,-4,EDT,
4770,Bethel Park,False,,,,Eugene,OR,USA,,,,Grass,Open,,,,,,,,America/Los_Angeles,-7,PDT,
4771,Borchert Field,False,,,,Milwaukee,WI,USA,,,,Grass,Open,,,,,,,,America/Chicago,-5,CDT,
4772,Bosse Field,False,,,,Evansville,IN,USA,,,,Grass,Open,,,,,,,,America/Los_Angeles,-7,PDT,
4773,Bosse Field,False,,,,Evansville,IN,USA,,,,Grass,Open,,,,,,,,America/Chicago,-5,CDT,
4774,Bringhurst Field,False,,,,Alexandria,LA,USA,,,,Grass,Open,,,,,,,,America/Chicago,-5,CDT,
4775,Brooks Field,False,,,,Wilmington,NC,USA,,,,Grass,Open,,,,,,,,America/New_York,-4,EDT,
4776,Buffalo Stadium,False,,,,Houston,TX,USA,,,,Grass,Open,,,,,,,,America/Chicago,-5,CDT,
4777,Bulkeley Stadium,False,,,,Hartford,CT,USA,,,,Grass,Open,,,,,,,,America/New_York,-4,EDT,
4778,Burlington Athletic Park,False,,,,Burlington,NC,USA,,,,Grass,Open,,,,,,,,America/New_York,-4,EDT,
4779,Burnett Field,False,,,,Dallas,TX,USA,,,,Grass,Open,,,,,,,,America/Chicago,-5,CDT,
4781,Bush Field,False,,,,Indianapolis,IN,USA,,,,Grass,Open,,,,,,,,America/Indiana/Indianapolis,-4,EDT,
4783,Cardinal Field,False,,,,Louisville,KY,USA,,,,Artificial Turf,Open,,,,,,,,America/Kentucky/Louisville,-4,EDT,
4784,Casey Field,False,,,,Covington,VA,USA,,,,Grass,Open,,,,,,,,America/New_York,-4,EDT,
4785,Coastal Carolina College Stadium,False,,,,Myrtle Beach,SC,USA,,,,Artificial Turf,Open,,,,,,,,America/New_York,-4,EDT,
4786,City Park Stadium,False,,,,New Orleans,LA,USA,,,,Grass,Open,,,,,,,,America/Chicago,-5,CDT,
4787,Civic Stadium,False,,,,Seattle,WA,USA,,,,Grass,Open,,,,,,,,America/Los_Angeles,-7,PDT,
4788,Crockett Park,False,,,,Charlotte,NC,USA,,,,Grass,Open,,,,,,,,America/New_York,-4,EDT,
4789,Cobb Field,False,,,,Billings,MT,USA,,,,Grass,Open,,,,,,,,America/Denver,-6,MDT,
4790,Colburn Park,False,,,,Newark,NJ,USA,,,,Grass,Open,,,,,,,,America/New_York,-4,EDT,
4791,College of Staten Island Baseball Complex,False,,,,Staten Island,NY,USA,,,,Grass,Open,,,,,,,,America/New_York,-4,EDT,
4792,College Park,False,,,,Charleston,SC,USA,,,,Grass,Open,,,,,,,,America/New_York,-4,EDT,
4794,Conrad Park,False,,,,DeLand,FL,USA,,,,Grass,Open,,,,,,,,America/New_York,-4,EDT,
4795,Corning Memorial Stadium,False,,,,Corning,NY,USA,,,,Grass,Open,,,,,,,,America/New_York,-4,EDT,
4796,Cranberry Ballpark,False,,,,Hazleton,PA,USA,,,,Grass,Open,,,,,,,,America/New_York,-4,EDT,
4797,Danville Stadium,False,,,,Danville,VA,USA,,,,Grass,Open,,,,,,,,America/New_York,-4,EDT,
4799,Derks Field,False,,,,Salt Lake,UT,USA,,,,Grass,Open,,,,,,,,America/Denver,-6,MDT,
4800,Disch Field,False,,,,Austin,TX,USA,,,,Grass,Open,,,,,,,,America/Chicago,-5,CDT,
4801,Donovan Stadium,False,,,,Utica,NY,USA,,,,Grass,Open,,,,,,,,America/New_York,-4,EDT,
4803,Duncan Park,False,,,,Spartanburg,SC,USA,,,,Grass,Open,,,,,,,,America/New_York,-4,EDT,
4804,Dunn Field,False,,,,Elmira,NY,USA,,,,Grass,Open,,,,,,,,America/New_York,-4,EDT,
4805,Durham Athletic Park,False,,,,Durham,NC,USA,,,,Grass,Open,,,,,,,,America/New_York,-4,EDT,
4806,East Field,False,,,,Glens Falls,NY,USA,,,,Grass,Open,,,,,,,,America/New_York,-4,EDT,
4807,Edmonds Field,False,,,,Sacramento,CA,USA,,,,Grass,Open,,,,,,,,America/Los_Angeles,-7,PDT,
4808,Engel Stadium,False,,,,Chattanooga,TN,USA,,,,Grass,Open,,,,,,,,America/New_York,-4,EDT,
4809,Euless Park,False,,,,Fresno,CA,USA,,,,Grass,Open,,,,,,,,America/Los_Angeles,-7,PDT,
4810,Fair Grounds Field,False,,,,Shreveport,LA,USA,,,,Grass,Open,,,,,,,,America/Chicago,-5,CDT,
4811,Fair Grounds Park,False,,,,Watertown,NY,USA,,,,Grass,Open,,,,,,,,America/New_York,-4,EDT,
4812,Fans Field,False,,,,Decatur,IL,USA,,,,Grass,Open,,,,,,,,America/Chicago,-5,CDT,
4814,Finch Field,False,,,,High Point,NC,USA,,,,Grass,Open,,,,,,,,America/New_York,-4,EDT,
4815,Fiscalini Field,False,,,,San Bernardino,CA,USA,,,,Grass,Open,,,,,,,,America/Los_Angeles,-7,PDT,
4816,Fleming Stadium,False,,,,Wilson,NC,USA,,,,Grass,Open,,,,,,,,America/New_York,-4,EDT,
4818,Four Mile Run Park,False,,,,Alexandria,VA,USA,,,,Grass,Open,,,,,,,,America/New_York,-4,EDT,
4819,Giants Field,False,,,,Harlingen,TX,USA,,,,Grass,Open,,,,,,,,America/Chicago,-5,CDT,
4820,Gill Stadium,False,,,,Manchester,NH,USA,,,,Grass,Open,,,,,,,,America/New_York,-4,EDT,
4821,Gilmore Field,False,,,,Hollywood,CA,USA,,,,Grass,Open,,,,,,,,America/Los_Angeles,-7,PDT,
4823,Goodland Field,False,,,,Appleton,WI,USA,,,,Grass,Open,,,,,,,,America/Chicago,-5,CDT,
4825,Haliwell Park,False,,,,Pocatello,ID,USA,,,,Grass,Open,,,,,,,,America/Boise,-6,MDT,
4826,Peninsula War Memorial Stadium,False,,,,Hampton,VA,USA,,,,Grass,Open,,,,,,,,America/New_York,-4,EDT,
4827,Hartwell Field,False,,,,Mobile,AL,USA,,,,Grass,Open,,,,,,,,America/Chicago,-5,CDT,
4828,Hawkins Stadium,False,,,,Albany,NY,USA,,,,Grass,Open,,,,,,,,America/New_York,-4,EDT,
4829,Heaton Stadium,False,,,,Augusta,GA,USA,,,,Grass,Open,,,,,,,,America/New_York,-4,EDT,
4831,Henley Field,False,,,,Lakeland,FL,USA,,,,Grass,Open,325.0,330.0,,420.0,,365.0,385.0,America/New_York,-4,EDT,
4832,Heritage Park,False,,,,Albany,NY,USA,,,,Grass,Open,,,,,,,,America/New_York,-4,EDT,
4833,Hilltop Park,False,,,,Middlesboro,KY,USA,,,,Grass,Open,,,,,,,,America/New_York,-4,EDT,
4834,Holman Stadium,False,,,,Nashua,NH,USA,,,,Grass,Open,,,,,,,,America/New_York,-4,EDT,
4835,Holt-Moffit Field,False,,,,Lexington,NC,USA,,,,Grass,Open,,,,,,,,America/New_York,-4,EDT,
4836,Honolulu Stadium,False,,,,Honolulu,HI,USA,,,,Grass,Open,,,,,,,,Pacific/Honolulu,-10,HST,
4837,Hooker Field,False,,,,Martinsville,VA,USA,,,,Grass,Open,,,,,,,,America/New_York,-4,EDT,
4838,Hughes Stadium,False,,,,Sacramento,CA,USA,,,,Grass,Open,,,,,,,,America/Los_Angeles,-7,PDT,
4839,Joe Martin Field,False,,,,Bellingham,WA,USA,,,,Grass,Open,,,,,,,,America/Los_Angeles,-7,PDT,
4841,John Petrakis Field,False,,,,Dubuque,IA,USA,,,,Grass,Open,,,,,,,,America/Chicago,-5,CDT,
4842,Kiwanis Field,False,,,,Salem,VA,USA,,,,Grass,Open,,,,,,,,America/New_York,-4,EDT,
4843,Knoxville Municipal Stadium,False,,,,Knoxville,TN,USA,,,,Grass,Open,,,,,,,,America/New_York,-4,EDT,
4845,Laguna Park,False,,,,Santa Barbara,CA,USA,,,,Grass,Open,,,,,,,,America/Denver,-6,MDT,
4846,Laguna Park,False,,,,Santa Barbara,CA,USA,,,,Grass,Open,,,,,,,,America/Los_Angeles,-7,PDT,
4847,Lane Field,False,,,,San Diego,CA,USA,,,,Grass,Open,,,,,,,,America/Los_Angeles,-7,PDT,
4848,Lanphier Park,False,,,,Springfield,IL,USA,,,,Grass,Open,,,,,,,,America/Chicago,-5,CDT,
4850,Larry H. Miller Field,False,,,,Provo,UT,USA,,,,Grass,Open,,,,,,,,America/Denver,-6,MDT,
4851,Lawrence Park,False,,,,Lodi,CA,USA,,,,Grass,Open,,,,,,,,America/Los_Angeles,-7,PDT,
4813,Ferris Field,False,,,,Spokane,WA,USA,,,,Grass,Open,,,,,,,,America/Los_Angeles,-7,PDT,
4669,Southwest University Park,True,E. Franklin Ave. & N. Santa Fe Street,,79901,El Paso,TX,USA,,31.75886758,-106.4927707,Grass,Open,324.0,322.0,,403.0,,387.0,385.0,America/Denver,-6,MDT,
4670,Truist Field,True,324 South Mint,,28202,Charlotte,NC,USA,,,,Grass,Open,330.0,315.0,,400.0,,,,America/New_York,-4,EDT,
4109,PK Park,True,2760 MLK Jr. Blvd.,,97401,Eugene,OR,USA,,,,Artificial Turf,Open,,,,,,,,America/Los_Angeles,-7,PDT,
4853,Legion Field,False,,,,Florence,SC,USA,,,,Grass,Open,,,,,,,,America/New_York,-4,EDT,
4854,Legion Stadium,False,,,,Greenwood,SC,USA,,,,Grass,Open,,,,,,,,America/New_York,-4,EDT,
4855,Lexington Stadium,False,,,,St. Paul,MN,USA,,,,Grass,Open,,,,,,,,America/Chicago,-5,CDT,
4856,Luther Williams Field,False,,,,Macon,GA,USA,,,,Grass,Open,,,,,,,,America/New_York,-4,EDT,
4857,MacArthur Stadium,False,,,,Syracuse,NY,USA,,,,Grass,Open,,,,,,,,America/New_York,-4,EDT,
4859,Marinelli Field,False,,,,Rockford,IL,USA,,,,Grass,Open,,,,,,,,America/Chicago,-5,CDT,
4860,McDonough Park,False,,,,Geneva,NY,USA,,,,Grass,Open,,,,,,,,America/New_York,-4,EDT,
4861,Meadowbrook Park,False,,,,Greenville,SC,USA,,,,Grass,Open,,,,,,,,America/New_York,-4,EDT,
4862,Meinen Stadium,False,,,,Peoria,IL,USA,,,,Grass,Open,,,,,,,,America/Chicago,-5,CDT,
4863,Met Park,False,,,,Tidewater,VA,USA,,,,Grass,Open,,,,,,,,America/New_York,-4,EDT,
4864,Miami Stadium,False,,,,Miami,FL,USA,,,,Grass,Open,,,,,,,,America/New_York,-4,EDT,
4865,Midway Stadium,False,,,,St. Paul,MN,USA,,,,Grass,Open,,,,,,,,America/Chicago,-5,CDT,
4866,Miles Field,False,,,,Southern Oregon,OR,USA,,,,Grass,Open,,,,,,,,America/Los_Angeles,-7,PDT,
4867,Mirmow Stadium,False,,,,Orangeburg,NY,USA,,,,Grass,Open,,,,,,,,America/New_York,-4,EDT,
4868,Mission Stadium,False,,,,San Antonio,TX,USA,,,,Grass,Open,,,,,,,,America/Chicago,-5,CDT,
4869,Moana Stadium,False,,,,Reno,NV,USA,,,,Grass,Open,,,,,,,,America/Los_Angeles,-7,PDT,
4870,Municipal Park,False,,,,Boise,ID,USA,,,,Grass,Open,,,,,,,,America/Boise,-6,MDT,
4871,Municipal Stadium,False,,,,Rock Hill,SC,USA,,,,Grass,Open,,,,,,,,America/New_York,-4,EDT,
4872,Municipal Stadium,False,,,,Waterbury,CT,USA,,,,Grass,Open,,,,,,,,America/New_York,-4,EDT,
4873,Muzzy Field,False,,,,Bristol,VA,USA,,,,Grass,Open,,,,,,,,America/New_York,-4,EDT,
4874,Ned Skeldon Stadium,False,,,,Toledo,OH,USA,,,,Grass,Open,,,,,,,,America/New_York,-4,EDT,
4875,Nicollet Park,False,,,,Minneapolis,MN,USA,,,,Grass,Open,,,,,,,,America/Chicago,-5,CDT,
4876,Oaks Park,False,,,,Oakland,CA,USA,,,,Grass,Open,,,,,,,,America/Los_Angeles,-7,PDT,
4877,Offermann Stadium,False,,,,Buffalo,NY,USA,,,,Grass,Open,,,,,,,,America/New_York,-4,EDT,
4878,Oiler Park,False,,,,Tulsa,OK,USA,,,,Grass,Open,,,,,,,,America/Chicago,-5,CDT,
4879,Olympic Stadium,False,,,,Hoquiam,WA,USA,,,,Grass,Open,,,,,,,,America/Los_Angeles,-7,PDT,
4880,Parker Field,False,,,,Richmond,VA,USA,,,,Grass,Open,,,,,,,,America/New_York,-4,EDT,
4881,Parker Field,False,,,,Yakima,WA,USA,,,,Grass,Open,,,,,,,,America/Los_Angeles,-7,PDT,
4882,Parkway Field,False,,,,Louisville,KY,USA,,,,Grass,Open,,,,,,,,America/Kentucky/Louisville,-4,EDT,
4883,Pat Thomas Stadium,False,,,,Leesburg,VA,USA,,,,Grass,Open,,,,,,,,America/New_York,-4,EDT,
4884,Paterson Field,False,,,,Montgomery,AL,USA,,,,Grass,Open,,,,,,,,America/Chicago,-5,CDT,
4885,Paul Eames Sports Complex,False,,,,Albany,GA,USA,,,,Grass,Open,,,,,,,,America/New_York,-4,EDT,
4886,Payne Park,False,,,,Sarasota,FL,USA,,,,Grass,Open,,,,,,,,America/New_York,-4,EDT,
4887,Pelican Stadium,False,,,,New Orleans,LA,USA,,,,Grass,Open,,,,,,,,America/Chicago,-5,CDT,
4888,Pete Beiden Field,False,,,,Fresno,CA,USA,,,,Grass,Open,,,,,,,,America/Los_Angeles,-7,PDT,
4889,Pete Vonachen Stadium,False,,,,Peoria,IL,USA,,,,Grass,Open,,,,,,,,America/Chicago,-5,CDT,
4890,Pikeville Athletic Field Complex,False,,,,Pikeville,KY,USA,,,,Grass,Open,,,,,,,,America/New_York,-4,EDT,
4891,Point Stadium,False,,,,Johnstown,PA,USA,,,,Grass,Open,,,,,,,,America/New_York,-4,EDT,
4892,Pompano Beach Municipal Stadium,False,,,,Pompano Beach,FL,USA,,,,Grass,Open,,,,,,,,America/New_York,-4,EDT,
4893,Ponce de Leon Park,False,,,,Atlanta,GA,USA,,,,Grass,Open,,,,,,,,America/New_York,-4,EDT,
4894,Potter County Memorial Stadium,False,,,,Amarillo,TX,USA,,,,Grass,Open,,,,,,,,America/Chicago,-5,CDT,
4895,Privateer Park,False,,,,Metairie,LA,USA,,,,Grass,Open,,,,,,,,America/Chicago,-5,CDT,
4896,Pynchon Stadium,False,,,,Springfield,MO,USA,,,,Grass,Open,,,,,,,,America/Chicago,-5,CDT,
4897,Q Stadium,False,,,,Quincy,MA,USA,,,,Grass,Open,,,,,,,,America/New_York,-4,EDT,
4899,Quigley Stadium,False,,,,West Haven,CT,USA,,,,Grass,Open,,,,,,,,America/New_York,-4,EDT,
4900,Recreation Park,False,,,,Wenatchee,WA,USA,,,,Grass,Open,,,,,,,,America/Los_Angeles,-7,PDT,
4901,Riley Park,False,,,,Sumter,SC,USA,,,,Grass,Open,,,,,,,,America/New_York,-4,EDT,
4902,Riverfront Stadium,False,,,,Waterloo,IA,USA,,,,Grass,Open,,,,,,,,America/Chicago,-5,CDT,
4903,Riverside Sports Complex,False,,,,Riverside,CA,USA,,,,Grass,Open,,,,,,,,America/Los_Angeles,-7,PDT,
4904,Toro Stadium,False,,,,Victoria,TX,USA,,,,Grass,Open,,,,,,,,America/Chicago,-5,CDT,
4905,Rohnert Park Stadium,False,,,,Rohnert Park,CA,USA,,,,Grass,Open,,,,,,,,America/Los_Angeles,-7,PDT,
4906,Royal Athletic Park,False,,,,Victoria,BC,USA,,,,Grass,Open,,,,,,,,America/Vancouver,-7,PDT,
4907,Ruppert Stadium,False,,,,Newark,NJ,USA,,,,Grass,Open,,,,,,,,America/New_York,-4,EDT,
4908,Russwood Park,False,,,,Memphis,TN,USA,,,,Grass,Open,,,,,,,,America/Chicago,-5,CDT,
4909,Sal Maglie Stadium,False,,,,Niagara Falls,NY,USA,,,,Grass,Open,,,,,,,,America/New_York,-4,EDT,
4910,Salinas Municipal Stadium,False,,,,Salinas,CA,USA,,,,Grass,Open,,,,,,,,America/Los_Angeles,-7,PDT,
4911,Samuel W. Wolfson Park,False,,,,Jacksonville,FL,USA,,,,Grass,Open,,,,,,,,America/New_York,-4,EDT,
4912,Sanders-Jacobs Field,False,,,,Pasco,WA,USA,,,,Grass,Open,,,,,,,,America/Los_Angeles,-7,PDT,
4913,Sec Taylor Stadium,False,,,,Des Moines,IA,USA,,,,Grass,Open,,,,,,,,America/Chicago,-5,CDT,
4914,Serge B. Simmons Field,False,,,,Ogden,UT,USA,,,,Grass,Open,,,,,,,,America/Denver,-6,MDT,
4915,Silver Stadium,False,,,,Rochester,NY,USA,,,,Grass,Open,,,,,,,,America/New_York,-4,EDT,
4916,Simmons Field,False,,,,Kenosha,WI,USA,,,,Grass,Open,,,,,,,,America/Chicago,-5,CDT,
4917,Simplot Stadium,False,,,,Caldwell,ID,USA,,,,Grass,Open,,,,,,,,America/Boise,-6,MDT,
4029,Goodwin Field,False,,,,Fullerton,CA,USA,,,,Grass,Open,,,,,,,,America/Los_Angeles,-7,PDT,
4569,Bobby Mattick Complex,True,373 Douglas Avenue,,34698,Dunedin,FL,USA,,,,Grass,Open,,,,,,,,America/New_York,-4,EDT,
5156,Cambria County War Memorial Arena,False,,,,Johnstown,PA,USA,,,,Indoor,Dome,,,,,,,,America/New_York,-4,EDT,
5157,Dunkin' Donuts Center,False,,,,Providence,RI,USA,,,,Indoor,Dome,,,,,,,,America/New_York,-4,EDT,
5163,Lakeview Arena,False,,,,Marquette,MI,USA,,,,Indoor,Dome,,,,,,,,America/Detroit,-4,EDT,
5165,MGM Grand Garden Arena,False,,,,Las Vegas,NV,USA,,,,Indoor,Dome,,,,,,,,America/Los_Angeles,-7,PDT,
5167,Pegula Ice Arena,False,,,,University Park,PA,USA,,,,Indoor,Dome,,,,,,,,America/New_York,-4,EDT,
5168,PPL Center,False,,,,Allentown,PA,USA,,,,Indoor,Dome,,,,,,,,America/New_York,-4,EDT,
5169,Rabobank Arena,False,,,,Bakersfield,CA,USA,,,,Indoor,Dome,,,,,,,,America/Los_Angeles,-7,PDT,
5173,Sprint Center,False,,,,Kansas City,MO,USA,,,,Indoor,Dome,,,,,,,,America/Chicago,-5,CDT,
5174,Tate Rink,False,,,,West Point,NY,USA,,,,Indoor,Dome,,,,,,,,America/New_York,-4,EDT,
5175,TCF Bank Stadium,False,,,,Minneapolis,MN,USA,,,,Artificial Turf,Open,,,,,,,,America/Chicago,-5,CDT,
5178,T-Mobile Arena,False,,,,Las Vegas,NV,USA,,,,Indoor,Dome,,,,,,,,America/Los_Angeles,-7,PDT,
5295,The Battery Atlanta,False,,,,Atlanta,GA,USA,,,,Indoor,Open,,,,,,,,America/New_York,-4,EDT,
5315,Max Bishop Stadium,True,,,,Annapolis,MD,USA,,,,Artificial Turf,Open,322.0,304.0,,397.0,,382.0,372.0,America/New_York,-4,EDT,
4169,loanDepot park,True,501 Marlins Way,,33125,Miami,FL,USA,,25.77796236,-80.21951795,Grass,Retractable,344.0,335.0,,407.0,,386.0,392.0,America/New_York,-4,EDT,MIA02
4918,Sims Legion Park,False,,,,Gastonia,NC,USA,,,,Grass,Open,,,,,,,,America/New_York,-4,EDT,
4919,Smithson Stadium,False,,,,Knoxville,TN,USA,,,,Grass,Open,,,,,,,,America/New_York,-4,EDT,
4920,Smith-Wills Stadium,False,,,,Jackson,MS,USA,,,,Grass,Open,,,,,,,,America/Chicago,-5,CDT,
4921,SPAR Stadium,False,,,,Shreveport,LA,USA,,,,Grass,Open,,,,,,,,America/Chicago,-5,CDT,
4922,St. Cloud Commons,False,,,,Huntington,WV,USA,,,,Grass,Open,,,,,,,,America/New_York,-4,EDT,
4925,Stuart Stadium,False,,,,Beaumont,TX,USA,,,,Grass,Open,,,,,,,,America/Chicago,-5,CDT,
4926,Sulphur Dell,False,,,,Nashville,TN,USA,,,,Grass,Open,,,,,,,,America/Chicago,-5,CDT,
4927,Louisiana SuperDome,False,,,,New Orleans,LA,USA,,,,Indoor,Dome,,,,,,,,America/Chicago,-5,CDT,
4928,Swayne Field,False,,,,Toledo,OH,USA,,,,Grass,Open,,,,,,,,America/New_York,-4,EDT,
4930,The Ballpark,False,,,,Old Orchard Beach,ME,USA,,,,Grass,Open,,,,,,,,America/New_York,-4,EDT,
4931,The Ballpark at St. John's,False,,,,Queens,NY,USA,,,,Grass,Open,,,,,,,,America/New_York,-4,EDT,
4932,The Cocoa Expo,False,,,,Cocoa,FL,USA,,,,Grass,Open,,,,,,,,America/New_York,-4,EDT,
4933,Thurman Munson Memorial Stadium,False,,,,Canton,OH,USA,,,,Grass,Open,,,,,,,,America/New_York,-4,EDT,
4934,Tim McCarver Stadium,False,,,,Memphis,TN,USA,,,,Artificial Turf,Open,,,,,,,,America/Chicago,-5,CDT,
4935,Tingley Field,False,,,,Albuquerque,NM,USA,,,,Grass,Open,,,,,,,,America/Denver,-6,MDT,
4936,Tinker Field,False,,,,Orlando,FL,USA,,,,Grass,Open,,,,,,,,America/New_York,-4,EDT,
4937,V.J. Keefe Memorial Field,False,,,,San Antonio,TX,USA,,,,Grass,Open,,,,,,,,America/Chicago,-5,CDT,
4938,Vaughn Street Park,False,,,,Portland,OR,USA,,,,Grass,Open,,,,,,,,America/Los_Angeles,-7,PDT,
4939,Veterans Field,False,,,,Shelby,NC,USA,,,,Grass,Open,,,,,,,,America/New_York,-4,EDT,
4940,Veterans Memorial Stadium,False,,,,Little Falls,NY,USA,,,,Grass,Open,,,,,,,,America/New_York,-4,EDT,
4941,Vince Genna Stadium,False,,,,Bend,OR,USA,,,,Grass,Open,,,,,,,,America/Los_Angeles,-7,PDT,
4942,Vincent-Beck Stadium,False,,,,Beaumont,TX,USA,,,,Artificial Turf,Open,,,,,,,,America/Chicago,-5,CDT,
4943,War Memorial Stadium,False,,,,Buffalo,NY,USA,,,,Grass,Open,,,,,,,,America/New_York,-4,EDT,
4944,Warner Park,False,,,,Madison,WI,USA,,,,Grass,Open,,,,,,,,America/Chicago,-5,CDT,
4945,Washington Park,False,,,,Santa Clara,CA,USA,,,,Grass,Open,,,,,,,,America/Los_Angeles,-7,PDT,
4946,Waters Field,False,,,,Salem,OR,USA,,,,Grass,Open,,,,,,,,America/Los_Angeles,-7,PDT,
4948,West Palm Beach Municipal Stadium,False,,,,West Palm Beach,FL,USA,,,,Grass,Open,,,,,,,,America/New_York,-4,EDT,
4949,Westgate Park,False,,,,San Diego,CA,USA,,,,Grass,Open,,,,,,,,America/Los_Angeles,-7,PDT,
4950,Wickers Stadium,False,,,,Key West,FL,USA,,,,Grass,Open,,,,,,,,America/New_York,-4,EDT,
4952,Witter Field,False,,,,Wisconsin Rapids,WI,USA,,,,Grass,Open,,,,,,,,America/Chicago,-5,CDT,
4953,World War Memorial Stadium,False,,,,Greensboro,NC,USA,,,,Grass,Open,,,,,,,,America/New_York,-4,EDT,
4954,Yale Field,False,,,,New Haven,CT,USA,,,,Grass,Open,,,,,,,,America/New_York,-4,EDT,
2971,Les Murakami Stadium,False,,,,Honolulu,HI,USA,,,,Artificial Turf,Open,325.0,325.0,,385.0,,365.0,365.0,America/New_York,-4,EDT,
4985,Dunkin' Donuts Park,True,1214 Main Street,,06103,Hartford,CT,USA,,,,Grass,Open,,,,,,,,America/New_York,-4,EDT,
1,Angel Stadium,True,2000 Gene Autry Way,,92806,Anaheim,CA,USA,(714) 940-2000,33.80019044,-117.8823996,Grass,Open,330.0,330.0,347.0,396.0,348.0,389.0,365.0,America/Los_Angeles,-7,PDT,ANA01
2,Oriole Park at Camden Yards,True,333 West Camden Street,,21201,Baltimore,MD,USA,(410) 685-9800,39.283787,-76.621689,Grass,Open,333.0,318.0,364.0,400.0,,410.0,373.0,America/New_York,-4,EDT,BAL12
3,Fenway Park,True,4 Yawkey Way,,2215,Boston,MA,USA,(617) 267-9440,42.346456,-71.097441,Grass,Open,310.0,302.0,379.0,420.0,,390.0,380.0,America/New_York,-4,EDT,BOS07
4,Guaranteed Rate Field,True,333 West 35th Street,,60616,Chicago,IL,USA,(312) 674-1000,41.83,-87.634167,Grass,Open,330.0,335.0,,400.0,,377.0,372.0,America/Chicago,-5,CDT,CHI12
6,Tiger Stadium,False,,,,Detroit,MI,USA,,,,Grass,Open,,,,,,,,America/Detroit,-4,EDT,DET04
7,Kauffman Stadium,True,One Royal Way,,64129,Kansas City,MO,USA,(816) 921-8000,39.051567,-94.480483,Grass,Open,330.0,330.0,,410.0,,385.0,385.0,America/Chicago,-5,CDT,KAN06
8,Hubert H. Humphrey Metrodome,False,,,,Minneapolis,MN,USA,,,,Artificial Turf,Dome,343.0,327.0,,408.0,,385.0,367.0,America/Chicago,-5,CDT,MIN03
9,Yankee Stadium,False,,,,Bronx,NY,USA,,,,Grass,Open,318.0,314.0,,408.0,,399.0,385.0,America/New_York,-4,EDT,NYC16
10,Oakland Coliseum,True,7000 Coliseum Way,,94621,Oakland,CA,USA,(510) 638-4900,37.751511,-122.200698,Grass,Open,330.0,330.0,367.0,400.0,367.0,388.0,388.0,America/Los_Angeles,-7,PDT,OAK01
11,The Kingdome,False,,,,Seattle,WA,USA,,,,Artificial Turf,Dome,,,,,,,,America/Los_Angeles,-7,PDT,SEA02
12,Tropicana Field,True,One Tropicana Drive,,33705,St. Petersburg,FL,USA,(727) 825-3137,27.767778,-82.6525,Artificial Turf,Dome,315.0,322.0,370.0,404.0,370.0,410.0,404.0,America/New_York,-4,EDT,STP01
15,Chase Field,True,401 East Jefferson Street,,85004,Phoenix,AZ,USA,(602) 462-6500,33.445302,-112.066687,Artificial Turf,Retractable,328.0,335.0,376.0,407.0,376.0,412.0,414.0,America/Phoenix,-7,MST,PHO01
16,Turner Field,False,755 Hank Aaron Drive,,30315,Atlanta,GA,USA,(404) 522-7630,,,Grass,Open,335.0,330.0,,401.0,,380.0,390.0,America/New_York,-4,EDT,ATL02
18,Cinergy Field,False,,,,Cincinnati,OH,USA,,,,Grass,Open,,,,,,,,America/New_York,-4,EDT,CIN08
20,Hard Rock Stadium,False,2269 Dan Marino Boulevard,,33056,Miami,FL,USA,(305) 626-7400,,,Grass,Retractable,340.0,335.0,,422.0,,384.0,392.0,America/New_York,-4,EDT,MIA01
21,Astrodome,False,,,,Houston,TX,USA,,,,Artificial Turf,Dome,,,,,,,,America/Chicago,-5,CDT,HOU02
22,Dodger Stadium,True,1000 Vin Scully Avenue,,90012-1199,Los Angeles,CA,USA,(323) 224-1500,34.07368,-118.24053,Grass,Open,330.0,330.0,,395.0,,385.0,385.0,America/Los_Angeles,-7,PDT,LOS03
23,Milwaukee County Stadium,False,,,,Milwaukee,WI,USA,,,,Grass,Open,,,,,,,,America/Chicago,-5,CDT,MIL05
25,Shea Stadium,False,,,,Flushing,NY,USA,,,,Grass,Open,338.0,338.0,,410.0,,371.0,371.0,America/New_York,-4,EDT,NYC17
27,Three Rivers Stadium,False,,,,Pittsburgh,PA,USA,,,,Artificial Turf,Open,,,,,,,,America/New_York,-4,EDT,PIT07
28,Qualcomm Stadium,False,,,,San Diego,CA,USA,,,,Grass,Open,327.0,330.0,,405.0,,370.0,370.0,America/Los_Angeles,-7,PDT,SAN01
29,3Com Park at Candlestick Point,False,,,,San Francisco,CA,USA,,,,Grass,Open,,,,,,,,America/Los_Angeles,-7,PDT,SFO02
30,Busch Stadium,False,,,,St. Louis,MO,USA,,,,Grass,Open,330.0,330.0,,402.0,,372.0,372.0,America/Chicago,-5,CDT,STL09
401,TBD,True,,,,United States,,USA,,,,Grass,Open,,,,,,,,America/New_York,-4,EDT,
680,T-Mobile Park,True,P.O. Box 4100,,98104,Seattle,WA,USA,(206) 346-4000,47.591333,-122.33251,Grass,Retractable,331.0,327.0,,405.0,,390.0,387.0,America/Los_Angeles,-7,PDT,SEA03
2392,Minute Maid Park,True,501 Crawford Street,,77002,Houston,TX,USA,(713) 259-8000,29.756967,-95.355509,Grass,Retractable,315.0,326.0,,409.0,,362.0,373.0,America/Chicago,-5,CDT,HOU03
2394,Comerica Park,True,2100 Woodward Avenue,,48201,Detroit,MI,USA,(313) 471-2000,42.3391151,-83.048695,Grass,Open,345.0,330.0,,420.0,,370.0,365.0,America/Detroit,-4,EDT,DET05
2395,Oracle Park,True,24 Willie Mays Plaza,,94107,San Francisco,CA,USA,(415) 972-2000,37.778383,-122.389448,Grass,Open,339.0,309.0,,391.0,,399.0,415.0,America/Los_Angeles,-7,PDT,SFO03
2500,Tempe Diablo Stadium,True,Tempe Diablo Stadium,2200 W  Alameda Drive #105,85282,Tempe,AZ,USA,(480) 350-5205,33.40092,-111.9707,Grass,Open,340.0,360.0,400.0,420.0,400.0,,,America/Phoenix,-7,MST,
2503,Cashman Field,False,850 Las Vegas Blvd. N.,,89101,Las Vegas,NV,USA,,,,Grass,Open,328.0,328.0,,433.0,,364.0,364.0,America/Los_Angeles,-7,PDT,LAS01
2504,Champion Stadium,False,Champion Stadium,700 S Victory Way,34747,Lake Buena Vista,FL,USA,(407) 939-2200,28.33725,-81.55613,Grass,Open,340.0,330.0,,400.0,,,,America/New_York,-4,EDT,LBV01
2506,City of Palms Park,False,City of Palms Park,2201 Edison Avenue,33901,Ft. Myers,FL,USA,(239) 334-4700,,,Grass,Open,330.0,330.0,385.0,410.0,385.0,,,America/New_York,-4,EDT,
2507,Hohokam Stadium,True,HoHoKam Park,1235 N. Center Street,85201,Mesa,AZ,USA,(480) 964-4467,33.43831,-111.82973,Grass,Open,340.0,350.0,390.0,410.0,390.0,,,America/Phoenix,-7,MST,
2508,Ed Smith Stadium,True,Ed Smith Stadium,12th Street and Tuttle Avenue,34237,Sarasota,FL,USA,(941) 747-3031,27.34795,-82.5174,Grass,Open,340.0,340.0,375.0,400.0,375.0,,,America/New_York,-4,EDT,
2511,Publix Field at Joker Marchant Stadium,True,2125 North Lake Avenue,,33805,Lakeland,FL,USA,,28.07437,-81.95113,Grass,Open,340.0,340.0,,420.0,,,,America/New_York,-4,EDT,
2512,UPMC Park,True,110 East 10th Street,,16501,Erie,PA,USA,,,,Grass,Open,317.0,328.0,356.0,405.0,367.0,,,America/New_York,-4,EDT,
2514,Osceola County Stadium,False,Osceola County Stadium,631 Heritage Parkway,34744,Kissimmee,FL,USA,(321) 597-3201,,,Grass,Open,330.0,330.0,390.0,410.0,390.0,,,America/New_York,-4,EDT,
2515,Baseball City Stadium,False,,,,Baseball City,FL,USA,,,,Grass,Open,,,,,,,,America/New_York,-4,EDT,
2516,The Diamond,True,500 Diamond Drive,,92530,Lake Elsinore,CA,USA,,33.65426399,-117.3023598,Grass,Open,330.0,310.0,380.0,400.0,342.0,425.0,386.0,America/Los_Angeles,-7,PDT,
2518,American Family Fields of Phoenix,True,Maryvale Baseball Park,3600 N 51st Avenue,85031,Phoenix,AZ,USA,(623) 245-5500,33.49202,-112.1727,Grass,Open,350.0,340.0,,400.0,,,,America/Phoenix,-7,MST,
2520,Roger Dean Chevrolet Stadium,True,4751 Main Street,,33458,Jupiter,FL,USA,,26.89084,-80.11677,Grass,Open,335.0,375.0,,400.0,,,,America/New_York,-4,EDT,
2523,George M. Steinbrenner Field,True,1 Steinbrenner Drive,,33614,Tampa,FL,USA,,27.97997,-82.50702,Grass,Open,318.0,314.0,,408.0,,,,America/New_York,-4,EDT,
2525,Jack Russell Memorial Stadium,False,,,,Clearwater,FL,USA,,,,Grass,Open,,,,,,,,America/New_York,-4,EDT,
2526,LECOM Park,True,1611 9th Street W.,,34205,Bradenton,FL,USA,,27.48535,-82.57076,Grass,Open,335.0,335.0,370.0,400.0,370.0,,,America/New_York,-4,EDT,
2528,Dell Diamond,True,3400 East Palm Valley Blvd.,,78665,Round Rock,TX,USA,,,,Grass,Open,330.0,325.0,,407.0,,375.0,375.0,America/Chicago,-5,CDT,
2530,Peoria Stadium,True,Peoria Sports Complex,16101 N 83rd Avenue,85382,Peoria,AZ,USA,(623) 878-4337,33.63187,-112.23359,Grass,Open,340.0,340.0,385.0,410.0,385.0,,,America/Phoenix,-7,MST,
2531,Desert Sun Stadium,False,,,,Yuma,AZ,USA,,,,Grass,Open,345.0,345.0,,420.0,,,,America/Phoenix,-7,MST,
2533,Florida Power Park,False,,,,St. Petersburg,FL,USA,,,,Grass,Open,,,,,,,,America/New_York,-4,EDT,
2534,Charlotte Sports Park,True,2300 El Jobean Rd.,,33948,Port Charlotte,FL,USA,,26.99888,-82.18212,Grass,Open,343.0,343.0,,414.0,,,,America/New_York,-4,EDT,
2536,TD Ballpark,True,373 Douglas Avenue #A,,34698,Dunedin,FL,USA,,28.00401,-82.78695,Grass,Open,335.0,327.0,375.0,400.0,375.0,,,America/New_York,-4,EDT,
2538,"US West Sports Complex, Hi Corbett Field",False,,,,Tucson,AZ,USA,,,,Grass,Open,366.0,348.0,,392.0,,,,America/Phoenix,-7,MST,
31,PNC Park,True,115 Federal Street,,15212,Pittsburgh,PA,USA,(412) 323-5000,40.446904,-80.005753,Grass,Open,325.0,320.0,389.0,399.0,,410.0,375.0,America/New_York,-4,EDT,PIT08
2541,Durham Bulls Athletic Park,True,409 Blackwell Street,,27701,Durham,NC,USA,,,,Grass,Open,305.0,325.0,,400.0,,375.0,375.0,America/New_York,-4,EDT,
4509,Johnson Stadium at Doubleday Field,False,,,,West Point,NY,USA,,,,Grass,Open,327.0,327.0,,400.0,,336.0,375.0,America/New_York,-4,EDT,
3469,Appalachian Power Park,True,"601 Morris Street, Suite 201",,25301,Charleston,WV,USA,,,,Grass,Open,330.0,320.0,,400.0,,,,America/New_York,-4,EDT,
3470,Melaleuca Field,True,900 Jim Garchow Way,,83402,Idaho Falls,ID,USA,,,,Grass,Open,340.0,350.0,,400.0,,,,America/Boise,-6,MDT,
2542,AutoZone Park,True,198 Union Avenue,,38103,Memphis,TN,USA,,,,Grass,Open,319.0,322.0,,400.0,,,,America/Chicago,-5,CDT,
2543,Mark Light Stadium,False,,,,Coral Gables,FL,USA,,,,Grass,Open,,,,,,,,America/New_York,-4,EDT,
2603,Surprise Stadium,True,Surprise Stadium,15960 N Bullard Avenue,85374,Surprise,AZ,USA,(623) 222-2222,33.62762,-112.37849,Grass,Open,350.0,350.0,,400.0,,,,America/Phoenix,-7,MST,
2620,Regions Park,False,,,,Birmingham,AL,USA,,,,Grass,Open,340.0,340.0,,405.0,,,,America/Denver,-6,MDT,
2623,Hoover Metropolitan Stadium,True,100 Ben Chapman Drive,,35244,Birmingham,AL,USA,,,,Grass,Open,320.0,325.0,,400.0,,380.0,375.0,America/Chicago,-5,CDT,
2624,PGE Park,False,,,,Portland,OR,USA,,,,Artificial Turf,Open,327.0,327.0,,400.0,,,,America/Los_Angeles,-7,PDT,
2625,Five County Stadium,True,1501 N.C. Highway 39,,27597,Zebulon,NC,USA,,,,Grass,Open,330.0,309.0,,400.0,,365.0,365.0,America/New_York,-4,EDT,
5074,SAP Center,False,535 W. Santa Clara Street,,95113,San Jose,CA,USA,(408) 287-7070,,,Indoor,Dome,,,,,,,,America/Los_Angeles,-7,PDT,
2640,Chukchansi Park,True,1800 Tulare Street,,93721,Fresno,CA,USA,,,,Grass,Open,324.0,335.0,,400.0,,385.0,385.0,America/Los_Angeles,-7,PDT,
2641,Drillers Stadium,False,,,,Tulsa,OK,USA,,,,Grass,Open,335.0,340.0,349.0,390.0,365.0,,,America/Chicago,-5,CDT,
2660,Doubleday Field,False,,,,Cooperstown,NY,USA,,,,Grass,Open,296.0,312.0,,390.0,,,,America/New_York,-4,EDT,
2680,Petco Park,True,100 Park Boulevard,,92101,San Diego,CA,USA,(619) 795-5000,32.707861,-117.157278,Grass,Open,336.0,322.0,,396.0,,386.0,391.0,America/Los_Angeles,-7,PDT,SAN02
2681,Citizens Bank Park,True,One Citizens Bank Way,,19148,Philadelphia,PA,USA,(215) 463-6000,39.90539086,-75.16716957,Grass,Open,329.0,330.0,369.0,401.0,369.0,381.0,398.0,America/New_York,-4,EDT,PHI13
2682,AT&T Field,True,201 Power Alley,,37402,Chattanooga,TN,USA,,,,Grass,Open,325.0,330.0,,400.0,,,,America/New_York,-4,EDT,
2683,Isotopes Park,True,1601 Avenida Cesar Chavez SE,,87106,Albuquerque,NM,USA,,,,Grass,Open,340.0,340.0,,400.0,,428.0,428.0,America/Denver,-6,MDT,
2505,Fort Lauderdale Stadium,False,,,,Ft. Lauderdale,FL,USA,,,,Grass,Open,332.0,320.0,,401.0,,,,America/New_York,-4,EDT,
2509,Chain of Lakes Park,False,,,,Winter Haven,FL,USA,,,,Grass,Open,340.0,,,425.0,340.0,,,America/New_York,-4,EDT,
2513,Space Coast Stadium,False,"5800 Stadium Parkway, Suite 101",,32940,Viera,FL,USA,,,,Grass,Open,340.0,340.0,,404.0,,,,America/New_York,-4,EDT,
2517,Holman Stadium,False,3901 26th Street,,32960,Vero Beach,FL,USA,,,,Grass,Open,340.0,340.0,,410.0,,,,America/New_York,-4,EDT,
2521,Knights Stadium,False,2280 Deerfield Drive,,29715,Charlotte,NC,USA,,,,Grass,Open,325.0,325.0,,400.0,,,,America/New_York,-4,EDT,
2524,Phoenix Municipal Stadium,False,Phoenix Municipal Stadium,5999 East Van Buren Street,85008,Phoenix,AZ,USA,(602) 262-6421,,,Grass,Open,345.0,345.0,390.0,410.0,390.0,,,America/Phoenix,-7,MST,
2529,Sutter Health Park,True,400 Ballpark Drive,,95691,Sacramento,CA,USA,,38.580209,-121.514057,Grass,Open,330.0,325.0,,403.0,,380.0,380.0,America/Los_Angeles,-7,PDT,
2532,Scottsdale Stadium,True,Scottsdale Stadium,7408 East Osborn Road,85251,Scottsdale,AZ,USA,(480) 312-2586,33.48869,-111.92099,Grass,Open,360.0,330.0,,430.0,,,,America/Phoenix,-7,MST,
2540,Joseph P. Riley Jr. Ballpark,True,360 Fishburne Street,,29403,Charleston,SC,USA,,32.79070152,-79.96127598,Grass,Open,305.0,337.0,,399.0,,376.0,376.0,America/New_York,-4,EDT,
5,Progressive Field,True,2401 Ontario Street,,44115,Cleveland,OH,USA,(216) 420-4200,41.495861,-81.685255,Grass,Open,325.0,325.0,370.0,405.0,,410.0,375.0,America/New_York,-4,EDT,CLE08
13,Globe Life Park in Arlington,False,1000 Ballpark Way,,76011,Arlington,TX,USA,(817) 273-5222,32.751321,-97.082682,Grass,Open,332.0,325.0,,400.0,381.0,390.0,407.0,America/Chicago,-5,CDT,ARL02
32,American Family Field,True,One Brewers Way,,53214,Milwaukee,WI,USA,(414) 902-4400,43.02838,-87.97099,Grass,Retractable,344.0,345.0,,400.0,,371.0,374.0,America/Chicago,-5,CDT,MIL06
2602,Great American Ball Park,True,100 Main Street,,45202-4109,Cincinnati,OH,USA,(513) 765-7000,39.097389,-84.506611,Grass,Open,328.0,325.0,,404.0,,379.0,370.0,America/New_York,-4,EDT,CIN09
2700,BayCare Ballpark,True,601 N. Old Coachman Road,,33765,Clearwater,FL,USA,,27.97136,-82.73199,Grass,Open,329.0,330.0,,401.0,,,,America/New_York,-4,EDT,
26,Veterans Stadium,False,,,,Philadelphia,PA,USA,,,,Artificial Turf,Open,330.0,330.0,,408.0,,371.0,371.0,America/New_York,-4,EDT,PHI12
2519,CenturyLink Sports Complex Fields,True,"Lee County Sports Complex, Hammond County Stadium",14100 Six Mile Cypress Parkway,33912,Fort Myers,FL,USA,(239) 533-7275,,,Grass,Open,330.0,330.0,,405.0,,,,America/New_York,-4,EDT,
17,Wrigley Field,True,1060 West Addison,,60613-4397,Chicago,IL,USA,(773) 404-2827,41.948171,-87.655503,Grass,Open,355.0,353.0,,400.0,,368.0,368.0,America/Chicago,-5,CDT,CHI11
2501,Kino Veterans Memorial Stadium,True,2500 E. Ajo Way,,85713,Tucson,AZ,USA,,,,Grass,Open,340.0,405.0,388.0,405.0,388.0,,,America/Phoenix,-7,MST,
19,Coors Field,True,2001 Blake Street,,80205-2000,Denver,CO,USA,(303) 292-0200,39.756042,-104.994136,Grass,Open,347.0,350.0,390.0,415.0,375.0,420.0,424.0,America/Denver,-6,MDT,DEN02
2545,Christensen Stadium,False,,,,Midland,TX,USA,,,,Grass,Open,333.0,333.0,,398.0,,,,America/Chicago,-5,CDT,
2721,Robert F. Kennedy Memorial Stadium,False,,,,Washington,DC,USA,,,,Grass,Open,336.0,336.0,,410.0,,385.0,385.0,America/New_York,-4,EDT,WAS10
2722,Hammons Field,True,955 East Trafficway,,65802,Springfield,MO,USA,,,,Grass,Open,315.0,330.0,,400.0,,365.0,365.0,America/Chicago,-5,CDT,
2723,First National Bank Field,True,408 Bellemeade Street,,27401,Greensboro,NC,USA,,,,Grass,Open,,,,,,,,America/New_York,-4,EDT,
2724,Louisville Slugger Field,True,401 East Main Street,,40202,Louisville,KY,USA,,,,Grass,Open,325.0,340.0,,405.0,,375.0,375.0,America/Kentucky/Louisville,-4,EDT,
2725,NelsonCorp Field,True,537 Ballpark Drive,,52732,Clinton,IA,USA,,,,Grass,Open,335.0,325.0,,390.0,,,,America/Chicago,-5,CDT,
2726,Dan Daniel Memorial Park,True,302 River Park Drive,,24540,Danville,VA,USA,,,,Grass,Open,330.0,330.0,,400.0,,,,America/New_York,-4,EDT,
2728,San Manuel Stadium,True,280 South E Street,,92401,San Bernardino,CA,USA,,,,Grass,Open,330.0,330.0,,410.0,,,,America/Los_Angeles,-7,PDT,
2729,Arthur W. Perdue Stadium,True,6400 Hobbs Road,,21804,Salisbury,MD,USA,,,,Grass,Open,309.0,309.0,,402.0,,,,America/New_York,-4,EDT,
2730,Avista Stadium,True,602 North Havana Street,,99202,Spokane,WA,USA,,,,Grass,Open,335.0,335.0,,398.0,,,,America/Los_Angeles,-7,PDT,
2731,Banner Island Ballpark,True,404 West Fremont Street,,95203,Stockton,CA,USA,,,,Grass,Open,300.0,326.0,,,,385.0,389.0,America/Los_Angeles,-7,PDT,
2732,Blair County Ballpark,False,,,,Altoona,PA,USA,,,,Grass,Open,315.0,325.0,,400.0,,,,America/New_York,-4,EDT,
2733,Peoples Natural Gas Field,True,1000 Park Avenue,,16602,Altoona,PA,USA,,,,Grass,Open,325.0,325.0,,405.0,,365.0,375.0,America/New_York,-4,EDT,
2734,Bowen Field,True,Stadium Drive - Bowen Field,,24701,Bluefield,WV,USA,,,,Grass,Open,335.0,335.0,,365.0,,,,America/New_York,-4,EDT,
2735,BB&T Ballpark,True,1700 W. 4th Street,,17701,Williamsport,PA,USA,,41.2419845,-77.0475104,Grass,Open,345.0,350.0,,405.0,,,,America/New_York,-4,EDT,
2736,Burlington Athletic Stadium,True,1450 Graham Street,,27217,Burlington,NC,USA,,,,Grass,Open,335.0,335.0,,410.0,,,,America/New_York,-4,EDT,
2737,C.O. Brown Stadium,False,,,,Battle Creek,MI,USA,,,,Grass,Open,322.0,333.0,,402.0,,,,America/Detroit,-4,EDT,
2738,Eastwood Field,True,111 Eastwood Mall Blvd.,,44446,Niles,OH,USA,,,,Grass,Open,335.0,335.0,,405.0,,,,America/New_York,-4,EDT,
2739,Calfee Park,True,700 South Washington Ave.,,24301,Pulaski,VA,USA,,,,Grass,Open,335.0,310.0,,405.0,,,,America/New_York,-4,EDT,
2740,Canal Park,True,300 S. Main Street,,44308,Akron,OH,USA,,,,Grass,Open,331.0,337.0,,400.0,,376.0,375.0,America/New_York,-4,EDT,
2741,Capital City Stadium,False,,,,Columbia,SC,USA,,,,Grass,Open,330.0,320.0,,395.0,,,,America/New_York,-4,EDT,
2742,Carl Barger Baseball Complex,False,5800 Stadium Pkwy,,32940-8003 ,Melbourne,FL,USA,,,,Grass,Open,,,,,,,,America/New_York,-4,EDT,
2743,Carpenter Complex,True,651 N. Old Coachman Rd.,,3765-2321,Clearwater,FL,USA,,,,Grass,Open,,,,,,,,America/New_York,-4,EDT,
3429,Fluor Field at the West End,True,945 S. Main Street,,29601,Greenville,SC,USA,,34.84218091,-82.40817564,Grass,Open,310.0,302.0,,420.0,,379.0,380.0,America/New_York,-4,EDT,
4629,Sloan Park,True,2330 West Rio Salado Parkway,,85201,Mesa,AZ,USA,,33.43081,-111.882,Grass,Open,360.0,360.0,366.0,410.0,398.0,,,America/Phoenix,-7,MST,
3569,Bowling Green Ballpark,True,300 8th Avenue,,42102,Bowling Green,KY,USA,,,,Grass,Open,318.0,326.0,,400.0,,,,America/Chicago,-5,CDT,
4129,Homestead Sports Complex,False,,,,Homestead,FL,USA,,,,Grass,Open,,,,,,,,America/New_York,-4,EDT,
2744,Centennial Field,True,287 Colchester Avenue,,5401,Burlington,VT,USA,,,,Grass,Open,330.0,323.0,,405.0,,,,America/New_York,-4,EDT,
2745,Cheney Stadium,True,2502 S. Tyler Street,,98405,Tacoma,WA,USA,,,,Grass,Open,325.0,325.0,,425.0,,355.0,355.0,America/Los_Angeles,-7,PDT,
2746,Civic Stadium,False,,,,Eugene,OR,USA,,,,Grass,Open,335.0,328.0,,400.0,,,,America/Los_Angeles,-7,PDT,
2747,TicketReturn.com Field,True,1251 21st Avenue N.,,29577,Myrtle Beach,SC,USA,,,,Grass,Open,325.0,328.0,,405.0,,,,America/New_York,-4,EDT,
2748,Dehler Park,True,2611 9th Avenue North,,59101,Billings,MT,USA,,,,Grass,Open,335.0,325.0,,405.0,,,,America/Denver,-6,MDT,
2749,FNB Field,True,245 Championship Way,,17101,Harrisburg,PA,USA,,,,Grass,Open,325.0,325.0,,400.0,,410.0,410.0,America/New_York,-4,EDT,
2750,Community Field,True,2712 Mt. Pleasant Street,,52601,Burlington,IA,USA,,,,Grass,Open,338.0,318.0,,403.0,,,,America/Chicago,-5,CDT,
2751,Cooper Stadium,False,,,,Columbus,OH,USA,,,,Grass,Open,355.0,330.0,,400.0,,,,America/New_York,-4,EDT,
2752,Damaschke Field,False,,,,Oneonta,NY,USA,,,,Grass,Open,350.0,350.0,,406.0,,,,America/New_York,-4,EDT,
2753,Boyce Cox Field,True,1501 Euclid Ave.,,24201,Bristol,VA,USA,,,,Grass,Open,325.0,310.0,,400.0,,,,America/New_York,-4,EDT,
2754,Jackie Robinson Training Complex,False,,,,Vero Beach,FL,USA,,,,Grass,Open,,,,,,,,America/New_York,-4,EDT,
2755,Riders Field,True,7300 RoughRiders Trail,,75034,Frisco,TX,USA,,,,Grass,Open,335.0,335.0,,409.0,,364.0,383.0,America/Chicago,-5,CDT,
2756,Sahlen Field,True,One James D Griffin Plaza,,14203,Buffalo,NY,USA,,,,Grass,Open,325.0,325.0,,404.0,,371.0,367.0,America/New_York,-4,EDT,
2757,Dutchess Stadium,True,1500 Route 9D,,12590,Wappingers Falls,NY,USA,,41.52792743,-73.9608904,Artificial Turf,Open,325.0,325.0,,400.0,,,,America/New_York,-4,EDT,
2759,Classic Park,True,35300 Vine Street,,44095,Eastlake,OH,USA,,41.640758,-81.436205,Grass,Open,320.0,320.0,,400.0,,,,America/New_York,-4,EDT,
2760,Edward A. LeLacheur Park,True,450 Aiken Street,,1854,Lowell,MA,USA,,,,Grass,Open,337.0,302.0,,400.0,,,,America/New_York,-4,EDT,
2761,Wake Forest Baseball Park,False,,,,Winston-Salem,NC,USA,,,,Artificial Turf,Open,,,,,,,,America/New_York,-4,EDT,
2762,Funko Field,True,3802 Broadway,,98201,Everett,WA,USA,,,,Artificial Turf,Open,330.0,330.0,,395.0,,,,America/Los_Angeles,-7,PDT,
2763,Falcon Park,True,130 N. Division Street,,13021,Auburn,NY,USA,,,,Grass,Open,330.0,330.0,,400.0,,,,America/New_York,-4,EDT,
2764,Atrium Health Ballpark,True,2888 Moose Road,,28083,Kannapolis,NC,USA,,,,Grass,Open,330.0,310.0,,400.0,,,,America/New_York,-4,EDT,
2765,LMCU Ballpark,True,4500 West River Drive,,49321,Comstock Park,MI,USA,,,,Grass,Open,317.0,327.0,,402.0,,380.0,380.0,America/Detroit,-4,EDT,
2766,Day Air Ballpark,True,220 N. Patterson Blvd.,,45402,Dayton,OH,USA,,,,Grass,Open,338.0,338.0,,402.0,,,,America/New_York,-4,EDT,
2767,Fifth Third Field,True,406 Washington Street,,43604,Toledo,OH,USA,,,,Grass,Open,320.0,315.0,,406.0,,365.0,370.0,America/New_York,-4,EDT,
2768,Momentum Bank Ballpark,True,5514 Champions Drive,,79706,Midland,TX,USA,,,,Grass,Open,325.0,315.0,,395.0,,365.0,385.0,America/Chicago,-5,CDT,
2769,FirstEnergy Stadium,True,1900 South Centre Avenue,,19605,Reading,PA,USA,,40.36523209,-75.93401201,Grass,Open,330.0,330.0,,400.0,,370.0,370.0,America/New_York,-4,EDT,
2770,Lew Wolff Training Complex,True,651 N. Center,,85211,Mesa,AZ,USA,,,,Grass,Open,,,,,,,,America/Phoenix,-7,MST,
2771,Fox Cities Stadium,True,2400 N. Casaloma Drive,,54913,Appleton,WI,USA,,,,Grass,Open,325.0,325.0,,400.0,,385.0,405.0,America/Chicago,-5,CDT,
2772,Smith's Ballpark,True,77 West 1300 South,,84115,Salt Lake City,UT,USA,,,,Grass,Open,345.0,315.0,,420.0,,385.0,375.0,America/Denver,-6,MDT,
2773,Frontier Field,True,One Morrie Silver Way,,14608,Rochester,NY,USA,,,,Grass,Open,335.0,325.0,,402.0,,385.0,370.0,America/New_York,-4,EDT,
2775,Gene Autry Park,False,4125 East McKellips Road,,85215,Mesa,AZ,USA,,,,Grass,Open,,,,,,,,America/Phoenix,-7,MST,
2776,Golden Park,False,,,,Columbus,GA,USA,,,,Grass,Open,330.0,330.0,,415.0,,,,America/New_York,-4,EDT,
2777,Grainger Stadium,True,400 East Grainger Avenue,,28501,Kinston,NC,USA,,,,Grass,Open,335.0,335.0,,390.0,,,,America/New_York,-4,EDT,
2778,Grayson Stadium,False,1401 E. Victory Dr.,,31404,Savannah,GA,USA,,,,Grass,Open,290.0,310.0,,410.0,,,,America/New_York,-4,EDT,
2779,Hadlock Field,True,271 Park Avenue,,4102,Portland,ME,USA,,43.65664577,-70.27827358,Grass,Open,315.0,330.0,,400.0,,,,America/New_York,-4,EDT,
2780,Hank Aaron Stadium,False,755  Bolling Bros. Blvd.,,36606,Mobile,AL,USA,,,,Grass,Open,325.0,310.0,,400.0,,396.0,387.0,America/Chicago,-5,CDT,
2781,Harbor Park,True,150 Park Avenue,,23510,Norfolk,VA,USA,,,,Grass,Open,333.0,318.0,,410.0,,368.0,368.0,America/New_York,-4,EDT,
2782,Nymeo Field,True,21 Stadium Drive,,21703,Frederick,MD,USA,,,,Grass,Open,325.0,325.0,,400.0,,365.0,365.0,America/New_York,-4,EDT,
2783,Herschel Greer Stadium,False,534 Chestnut Street,,37203,Nashville,TN,USA,,,,Grass,Open,327.0,327.0,,400.0,,,,America/Chicago,-5,CDT,
2784,TVA Credit Union Ballpark,True,111 Legion Street,,37601,Johnson City,TN,USA,,,,Grass,Open,320.0,320.0,,410.0,,,,America/New_York,-4,EDT,
2785,Hunnicutt Field,True,205 Old Bluefield Road,,24740,Princeton,WV,USA,,,,Grass,Open,330.0,330.0,,396.0,,,,America/New_York,-4,EDT,
2786,Hunter Wright Stadium,True,800 Granby Road,,37664,Kingsport,TN,USA,,,,Grass,Open,330.0,330.0,,410.0,,,,America/New_York,-4,EDT,
2787,Jackie Robinson Ballpark,True,105 East Orange Avenue,,32114,Daytona Beach,FL,USA,,,,Grass,Open,317.0,325.0,,400.0,,,,America/New_York,-4,EDT,
2788,Northeast Community Credit Union Ballpark,True,208 North Holly Lane,,37643,Elizabethon,TN,USA,,,,Grass,Open,335.0,326.0,,414.0,,,,America/New_York,-4,EDT,
2789,Joe W. Davis Municipal Stadium,False,3125 Leeman Ferry Road,,35801,Huntsville,AL,USA,,,,Grass,Open,345.0,330.0,,405.0,,,,America/Chicago,-5,CDT,
2790,Modern Woodmen Park,True,209 South Gaines Street,,52802,Davenport,IA,USA,,,,Grass,Open,340.0,340.0,,390.0,,,,America/Chicago,-5,CDT,
2791,John Thurman Field,True,601 Neece Drive,,95351,Modesto,CA,USA,,,,Grass,Open,312.0,319.0,,400.0,,,,America/Los_Angeles,-7,PDT,
2792,Joseph L. Bruno Stadium,True,80 Vandenburg Avenue,,12180,Troy,NY,USA,,,,Grass,Open,325.0,325.0,,400.0,,,,America/New_York,-4,EDT,
2793,Frawley Stadium,True,801 Shipyard Drive,,19801,Wilmington,DE,USA,,,,Grass,Open,325.0,325.0,,400.0,,,,America/New_York,-4,EDT,
2794,Kindrick Legion Field,False,1300 North Ewing Street,,59601,Helena,MT,USA,,,,Grass,Open,335.0,325.0,,400.0,,,,America/Denver,-6,MDT,
2795,Maimonides Park,True,1904 Surf Avenue,,11224,Brooklyn,NY,USA,,,,Artificial Turf,Open,315.0,325.0,,412.0,,,,America/New_York,-4,EDT,
2796,L.P. Frans Stadium,True,2500 Clement Blvd. N.W.,,28601,Hickory,NC,USA,,,,Grass,Open,330.0,330.0,,401.0,,,,America/New_York,-4,EDT,
2797,PNC Field,True,"50 Glenmaura National Blvd., Suite 101",,18507,Moosic,PA,USA,,41.360251,-75.684201,Grass,Open,330.0,330.0,,408.0,,371.0,371.0,America/New_York,-4,EDT,
2798,Lake Olmstead Stadium,False,78 Milledge Road,,30904,Augusta,GA,USA,,,,Grass,Open,330.0,330.0,,400.0,,,,America/New_York,-4,EDT,
2799,The Hangar,True,45116 Valley Central Way,,93536,Lancaster,CA,USA,,,,Grass,Open,350.0,350.0,,410.0,,,,America/Los_Angeles,-7,PDT,
2800,Lawrence-Dumont Stadium,False,,,,Wichita,KS,USA,,,,Grass,Open,344.0,312.0,,401.0,,,,America/Chicago,-5,CDT,
2801,Centene Stadium at Legion Park,True,1015 25th Street North,,59401,Great Falls,MT,USA,,,,Grass,Open,335.0,335.0,,414.0,,,,America/Denver,-6,MDT,
2802,Lindquist Field,True,2330 Lincoln Avenue,,84401,Ogden,UT,USA,,,,Grass,Open,335.0,334.0,,396.0,,,,America/Denver,-6,MDT,
2803,Bank of the James Stadium,True,3180 Fort Avenue,,24501,Lynchburg,VA,USA,,,,Grass,Open,325.0,325.0,,390.0,,,,America/New_York,-4,EDT,
2727,Wild Health Field,True,207 Legends Lane,,40505,Lexington,KY,USA,,,,Artificial Turf,Open,320.0,318.0,,401.0,,,,America/New_York,-4,EDT,
2805,American Family Fields of Phoenix - Complex,False,3600 North 51st Avenue,,85031,Phoenix,AZ,USA,,,,Grass,Open,,,,,,,,America/Phoenix,-7,MST,
2774,FredNats Ballpark,True,7 County Complex Ct.,,22192,Fredericksburg,VA,USA,,,,Grass,Open,315.0,315.0,,400.0,,,,America/New_York,-4,EDT,
2806,Heritage Field,False,12000 Stadium Way,,92301,Adelanto,CA,USA,,,,Grass,Open,340.0,340.0,,401.0,,,,America/Los_Angeles,-7,PDT,
2807,McCormick Field,True,30 Buchanan Place,,28801,Asheville,NC,USA,,35.58750495,-82.54955703,Grass,Open,328.0,300.0,,402.0,,,,America/New_York,-4,EDT,
2808,McCoy Stadium,True,One Ben Mondor Way,,2860,Pawtucket,RI,USA,,,,Grass,Open,325.0,325.0,,400.0,,379.0,375.0,America/New_York,-4,EDT,
3789,Greater Nevada Field,True,250 Evans Ave.,,89501,Reno,NV,USA,,,,Grass,Open,339.0,340.0,,410.0,,370.0,424.0,America/Los_Angeles,-7,PDT,
2824,Papago Sports Complex,True,1802 N. 64th St.,,85008,Phoenix,AZ,USA,(602) 495-7240,33.46819436,-111.9456163,Grass,Open,,,,,,,,America/Phoenix,-7,MST,
3790,Parkview Field,True,1301 Ewing Street,,46802,Fort Wayne,IN,USA,,41.07424833,-85.14285943,Grass,Open,320.0,320.0,,400.0,,,,America/Indiana/Indianapolis,-4,EDT,
5186,Webster Bank Arena,False,,,,Bridgeport,CT,USA,,,,Indoor,Dome,,,,,,,,America/New_York,-4,EDT,
2867,Municipal Stadium,False,,,,Greenville ,SC,USA,,,,Grass,Open,345.0,345.0,,400.0,,,,America/New_York,-4,EDT,
2889,Busch Stadium,True,700 Clark Street,,63102,St. Louis,MO,USA,(314) 345-9600,38.62256667,-90.19286667,Grass,Open,336.0,335.0,,400.0,,375.0,375.0,America/Chicago,-5,CDT,STL10
3109,League Park,False,,,,Washington,DC,USA,,,,Grass,Open,,,,,,,,America/New_York,-4,EDT,WAS07
3110,League Park,False,,,,Washington,DC,USA,,,,Grass,Open,,,,,,,,America/New_York,-4,EDT,WAS08
3111,Arlington Stadium,False,,,,Arlington,TX,USA,,,,Grass,Open,,,,,,,,America/Chicago,-5,CDT,ARL01
3112,Atlanta-Fulton County Stadium,False,,,,Atlanta,GA,USA,,,,Grass,Open,,,,,,,,America/New_York,-4,EDT,ATL01
3113,Baker Bowl,False,,,,Philadelphia,PA,USA,,,,Grass,Open,,,,,,,,America/New_York,-4,EDT,PHI09
3114,Bennett Park,False,,,,Detroit,MI,USA,,,,Grass,Open,,,,,,,,America/Detroit,-4,EDT,DET02
3115,Braves Field,False,,,,Boston,MA,USA,,,,Grass,Open,,,,,,,,America/New_York,-4,EDT,BOS08
3116,Cleveland Municipal Stadium,False,,,,Cleveland,OH,USA,,,,Grass,Open,,,,,,,,America/New_York,-4,EDT,CLE07
3117,Colt Stadium,False,,,,Houston,TX,USA,,,,Grass,Open,,,,,,,,America/Chicago,-5,CDT,HOU01
3118,Columbia Park,False,,,,Philadelphia,PA,USA,,,,Grass,Open,,,,,,,,America/New_York,-4,EDT,PHI10
3119,Comiskey Park,False,,,,Chicago,IL,USA,,,,Grass,Open,,,,,,,,America/Chicago,-5,CDT,CHI10
3120,Crosley Field,False,,,,Cincinnati,OH,USA,,,,Grass,Open,,,,,,,,America/New_York,-4,EDT,CIN07
3121,Ebbets Field,False,,,,Brooklyn,NY,USA,,,,Grass,Open,,,,,,,,America/New_York,-4,EDT,NYC15
3123,Exhibition Stadium,False,,,,Toronto,ON,USA,,,,Artificial Turf,Open,,,,,,,,America/Toronto,-4,EDT,TOR01
3124,Exposition Park,False,,,,Pittsburgh,PA,USA,,,,Grass,Open,,,,,,,,America/New_York,-4,EDT,PIT05
3125,Forbes Field,False,,,,Pittsburgh,PA,USA,,,,Grass,Open,,,,,,,,America/New_York,-4,EDT,PIT06
3126,Griffith Stadium,False,,,,Washington,DC,USA,,,,Grass,Open,,,,,,,,America/New_York,-4,EDT,WAS09
3127,Hilltop Park,False,,,,New York,NY,USA,,,,Grass,Open,,,,,,,,America/New_York,-4,EDT,NYC13
3128,Huntington Avenue Grounds,False,,,,Boston,MA,USA,,,,Grass,Open,,,,,,,,America/New_York,-4,EDT,BOS06
3129,Jarry Park,False,,,,Montreal,QB,USA,,,,Grass,Open,,,,,,,,America/Toronto,-4,EDT,MON01
3131,League Park,False,,,,Cleveland,OH,USA,,,,Grass,Open,,,,,,,,America/New_York,-4,EDT,CLE06
3132,Lloyd Street Grounds,False,,,,Milwaukee,WI,USA,,,,Grass,Open,,,,,,,,America/Chicago,-5,CDT,MIL04
3133,Los Angeles Memorial Coliseum,False,,,,Los Angeles,CA,USA,,,,Grass,Open,,,,,,,,America/Los_Angeles,-7,PDT,LOS01
3134,Memorial Stadium,False,,,,Baltimore,MD,USA,,,,Grass,Open,,,,,,,,America/New_York,-4,EDT,BAL11
3135,Metropolitan Stadium,False,,,,Bloomington ,MI,USA,,,,Grass,Open,,,,,,,,America/Chicago,-5,CDT,MIN02
3136,Mile High Stadium,False,,,,Denver,CO,USA,,,,Grass,Open,,,,,,,,America/Denver,-6,MDT,DEN01
3137,Municipal Stadium,False,,,,Kansas City,MO,USA,,,,Grass,Open,,,,,,,,America/Chicago,-5,CDT,KAN05
3138,Palace of the Fans,False,,,,Cincinnati,OH,USA,,,,Grass,Open,,,,,,,,America/New_York,-4,EDT,CIN06
3139,Polo Grounds,False,,,,New York,NY,USA,,,,Grass,Open,,,,,,,,America/New_York,-4,EDT,NYC10
3140,Polo Grounds,False,,,,New York,NY,USA,,,,Grass,Open,,,,,,,,America/New_York,-4,EDT,NYC14
3141,Robison Field,False,,,,St. Louis,MO,USA,,,,Grass,Open,,,,,,,,America/Chicago,-5,CDT,STL05
3142,Seals Stadium,False,,,,San Francisco  ,CA,USA,,,,Grass,Open,,,,,,,,America/Los_Angeles,-7,PDT,SFO01
3143,Shibe Park,False,,,,Philadelphia,PA,USA,,,,Grass,Open,,,,,,,,America/New_York,-4,EDT,PHI11
3144,South End Grounds,False,,,,Boston,MA,USA,,,,Grass,Open,,,,,,,,America/Los_Angeles,-7,PDT,SEA01
3147,South End Grounds,False,,,,Boston,MA,USA,,,,Grass,Open,,,,,,,,America/New_York,-4,EDT,BOS05
3148,South Side Park ,False,,,,Chicago,IL,USA,,,,Grass,Open,,,,,,,,America/Chicago,-5,CDT,CHI09
3149,Sportsman's Park,False,,,,St. Louis,MO,USA,,,,Grass,Open,,,,,,,,America/Chicago,-5,CDT,STL06
3150,Washington Park ,False,,,,Brooklyn,NY,USA,,,,Grass,Open,,,,,,,,America/New_York,-4,EDT,NYC08
3153,Wrigley Field,False,,,,Los Angeles,CA,USA,,,,Grass,Open,,,,,,,,America/Los_Angeles,-7,PDT,LOS02
3154,Aloha Stadium,False,,,,Honolulu,HI,USA,,,,Grass,Open,,,,,,,,Pacific/Honolulu,-10,HST,HON01
3155,Armory Park,False,,,,Toledo,OH,USA,,,,Grass,Open,,,,,,,,America/New_York,-4,EDT,TOL04
3156,Burns Park,False,,,,Detroit,MI,USA,,,,Grass,Open,,,,,,,,America/Detroit,-4,EDT,DET03
3157,Fairview Park,False,,,,Dayton,OH,USA,,,,Grass,Open,,,,,,,,America/New_York,-4,EDT,DAY01
3158,Jailhouse Flats,False,,,,Fort Wayne,IN,USA,,,,Grass,Open,,,,,,,,America/Indiana/Indianapolis,-4,EDT,FOR03
3159,League Park,False,,,,Cleveland,OH,USA,,,,Grass,Open,,,,,,,,America/New_York,-4,EDT,CLE05
3160,League Park,False,,,,Cincinnati,OH,USA,,,,Grass,Open,,,,,,,,America/New_York,-4,EDT,CIN05
3161,Mahaffey Park,False,,,,Canton,OH,USA,,,,Grass,Open,,,,,,,,America/New_York,-4,EDT,
3162,Neil Park,False,,,,Columbus,OH,USA,,,,Grass,Open,,,,,,,,America/New_York,-4,EDT,COL03
3163,Neil Park,False,,,,Columbus,OH,USA,,,,Grass,Open,,,,,,,,America/New_York,-4,EDT,COL04
3164,Oriole Park,False,,,,Baltimore,MD,USA,,,,Grass,Open,,,,,,,,America/New_York,-4,EDT,BAL09
3165,Ramona Park,False,,,,Grand Rapids,MI,USA,,,,Grass,Open,,,,,,,,America/Detroit,-4,EDT,GRA01
3166,Rocky Point Park,False,,,,Warwick,RI,USA,,,,Grass,Open,,,,,,,,America/New_York,-4,EDT,WAR01
3167,Sportsman's Park,False,,,,St. Louis,MO,USA,,,,Grass,Open,,,,,,,,America/New_York,-4,EDT,JER02
3168,Sportsman's Park,False,,,,St. Louis,MO,USA,,,,Grass,Open,,,,,,,,America/Chicago,-5,CDT,STL07
3169,West Side Park,False,,,,Chicago,IL,USA,,,,Grass,Open,,,,,,,,America/Chicago,-5,CDT,CHI08
3170,Wiedenmeyer's Park,False,,,,Newark,NJ,USA,,,,Grass,Open,,,,,,,,America/New_York,-4,EDT,NWK01
3230,Coca-Cola Park,True,1050 IronPigs Way,,18109,Allentown,PA,USA,,40.62575293,-75.45276369,Grass,Open,336.0,325.0,,400.0,,388.0,369.0,America/New_York,-4,EDT,
3309,Nationals Park,True,"1500 South Capitol Street, SE",,20003-1507,Washington,DC,USA,(202) 349-0400,38.872861,-77.007501,Grass,Open,336.0,335.0,,402.0,,377.0,370.0,America/New_York,-4,EDT,WAS11
3310,Francis Wong Stadium,False,,,,Hilo,HI,USA,,,,Artificial Turf,Open,,,,,,,,Pacific/Honolulu,-10,HST,
3311,Maehara Baseball Stadium ,False,,,,Lahaina,HI,USA,,,,Grass,Open,,,,,,,,Pacific/Honolulu,-10,HST,
3312,Target Field,True,1 Twins Way,,55403,Minneapolis,MN,USA,(612) 659-3400,44.981829,-93.277891,Grass,Open,339.0,328.0,,404.0,,377.0,367.0,America/Chicago,-5,CDT,MIN04
3313,Yankee Stadium,True,One East 161st Street,,10451,Bronx,NY,USA,(718) 293-4300,40.82919482,-73.9264977,Grass,Open,318.0,314.0,,408.0,,399.0,385.0,America/New_York,-4,EDT,NYC21
3949,Rickwood Field,False,1137 2nd Avenue West,,35204,Birmingham,AL,USA,,,,Grass,Open,321.0,332.0,,393.0,,399.0,392.0,America/Chicago,-5,CDT,
3970,Huntington Park,True,330 Huntington Park Lane,,43215,Columbus,OH,USA,,,,Grass,Open,325.0,318.0,,400.0,,365.0,365.0,America/New_York,-4,EDT,
5300,David L. Lawrence Convention Center,False,,,,Pittsburgh,PA,USA,,,,Indoor,Dome,,,,,,,,America/New_York,-4,EDT,
2809,McDermott Field,False,,,,Idaho Falls,ID,USA,,,,Grass,Open,340.0,350.0,,400.0,,,,America/Boise,-6,MDT,
2810,Memorial Stadium,True,5600 Glenwood Street,,83714,Boise,ID,USA,,,,Grass,Open,335.0,335.0,,405.0,,,,America/Boise,-6,MDT,
2811,Memorial Stadium,False,,,,Fort Wayne,IN,USA,,,,Grass,Open,330.0,330.0,,400.0,,,,America/Indiana/Indianapolis,-4,EDT,
2812,Mike Lansing Field,False,,,,Casper,WY,USA,,,,Grass,Open,355.0,345.0,,400.0,,,,America/Denver,-6,MDT,
2813,Trustmark Park,True,1 Braves Way,,39208,Pearl,MS,USA,,32.27392452,-90.14794821,Grass,Open,335.0,335.0,,402.0,,,,America/Chicago,-5,CDT,
2814,Montgomery Riverwalk Stadium,True,200 Coosa Street,,36104,Montgomery,AL,USA,,,,Grass,Open,314.0,333.0,,400.0,,395.0,373.0,America/Chicago,-5,CDT,
2815,Excite Ballpark,True,588 E. Alma Avenue,,95112,San Jose,CA,USA,,,,Grass,Open,320.0,320.0,,390.0,,365.0,365.0,America/Los_Angeles,-7,PDT,
2816,Municipal Stadium,True,274 East Memorial Blvd.,,21740,Hagerstown,MD,USA,,,,Grass,Open,335.0,330.0,,400.0,,,,America/New_York,-4,EDT,
2818,Nelson Wolff Stadium,True,5757 US Hwy 90 West,,78227,San Antonio,TX,USA,,29.40929728,-98.60131246,Grass,Open,310.0,340.0,,402.0,,375.0,375.0,America/Chicago,-5,CDT,
2819,New Britain Stadium,False,230 John Karbonic Way,,6051,New Britain,CT,USA,(860) 826-2337,,,Grass,Open,330.0,330.0,,400.0,,,,America/New_York,-4,EDT,
2820,Mirabito Stadium,True,211 Henry Street,,13901,Binghamton,NY,USA,,,,Grass,Open,330.0,330.0,,400.0,,365.0,365.0,America/New_York,-4,EDT,
2821,Dozer Park,True,730 SW Jefferson Avenue,,61605,Peoria,IL,USA,,,,Grass,Open,310.0,310.0,,400.0,,375.0,375.0,America/Chicago,-5,CDT,
2822,Jackson Field,True,505 East Michigan Avenue,,48912,Lansing,MI,USA,,,,Grass,Open,305.0,305.0,,412.0,,,,America/Detroit,-4,EDT,
2823,NBT Bank Stadium,True,One Tex Simone Drive,,13208,Syracuse,NY,USA,,,,Grass,Open,330.0,330.0,356.0,400.0,,385.0,375.0,America/New_York,-4,EDT,
2825,Home of the OWLZ,True,970 West University Parkway,,84058,Orem,UT,USA,,,,Grass,Open,,,,,,,,America/Denver,-6,MDT,
2826,Gesa Stadium,True,6200 Burden Blvd.,,99301,Pasco,WA,USA,,,,Grass,Open,335.0,335.0,,400.0,,,,America/Los_Angeles,-7,PDT,
2827,Northwestern Medicine Field,True,34W002 Cherry Lane,,60134,Geneva,IL,USA,,,,Grass,Open,335.0,335.0,,400.0,,,,America/Chicago,-5,CDT,
2828,Pioneer Park,True,135 Shiloh Road,,37743,Greeneville,TN,USA,,,,Grass,Open,331.0,331.0,,400.0,,,,America/New_York,-4,EDT,
2829,Pirate City Complex,True,1701 27th Street East,,34208,Bradenton,FL,USA,,,,Grass,Open,,,,,,,,America/New_York,-4,EDT,
2830,Ogren Park Allegiance Field,True,"140 N. Higgins Avenue, Suite 201",,59802,Missoula,MT,USA,,,,Grass,Open,309.0,287.0,,398.0,,,,America/Denver,-6,MDT,
2831,Pohlman Field,True,2301 Skyline Drive,,53511,Beloit,WI,USA,,,,Grass,Open,325.0,325.0,,380.0,,,,America/Chicago,-5,CDT,
2832,Prince George's Stadium,True,4101 Crain Hwy.,,20716,Bowie,MD,USA,,,,Grass,Open,309.0,309.0,,405.0,,375.0,,America/New_York,-4,EDT,
2833,The Ballpark at Jackson,True,4 Fun Place,,38305,Jackson,TN,USA,,,,Grass,Open,330.0,325.0,,390.0,,,,America/Chicago,-5,CDT,
2834,Ray Winder Field,False,,,,Little Rock,AR,USA,,,,Grass,Open,330.0,345.0,,390.0,,,,America/Chicago,-5,CDT,
2835,Valley Strong Ballpark,True,300 North Giddings Street,,93291,Visalia,CA,USA,,,,Grass,Open,320.0,320.0,,405.0,,,,America/Los_Angeles,-7,PDT,
2836,Ballpark at St. George,True,75 Richmond Terrace,,10301,Staten Island,NY,USA,,,,Artificial Turf,Open,320.0,318.0,,390.0,,,,America/New_York,-4,EDT,
2837,Leidos Field at Ripken Stadium,True,873 Long Drive,,21001,Aberdeen,MD,USA,,,,Grass,Open,310.0,310.0,,400.0,,,,America/New_York,-4,EDT,
2838,Rosenblatt Stadium,False,,,,Omaha,NE,USA,,,,Grass,Open,335.0,335.0,,408.0,,,,America/Chicago,-5,CDT,
2839,Russell E. Diethrick Jr. Park,False,485 Falconer Street,,14701,Jamestown,NY,USA,,,,Grass,Open,335.0,353.0,,410.0,,,,America/New_York,-4,EDT,
2840,Haley Toyota Field,True,1004 Texas Street,,24153,Salem,VA,USA,,,,Grass,Open,325.0,325.0,,401.0,,,,America/New_York,-4,EDT,
2841,Sam Lynn Ballpark,False,4009 Chester Avenue,,93301,Bakersfield,CA,USA,,,,Grass,Open,328.0,328.0,,354.0,,,,America/Los_Angeles,-7,PDT,
2842,Trenton Thunder Ballpark,True,One Thunder Road,,8611,Trenton,NJ,USA,,,,Grass,Open,330.0,330.0,,407.0,,380.0,380.0,America/New_York,-4,EDT,
2843,Chickasaw Bricktown Ballpark,True,2 South Mickey Mantle Drive,,73104,Oklahoma City,OK,USA,,35.46497341,-97.50806733,Grass,Open,325.0,325.0,366.0,400.0,,415.0,377.0,America/Chicago,-5,CDT,
2844,Principal Park,True,One Line Drive,,50309,Des Moines,IA,USA,,,,Grass,Open,335.0,335.0,,400.0,,405.0,405.0,America/Chicago,-5,CDT,
2845,Dodd Stadium,True,14 Stott Avenue,,6360,Norwich,CT,USA,,,,Grass,Open,309.0,309.0,,401.0,,,,America/New_York,-4,EDT,
2846,UCHealth Park,True,4385 Tutt Blvd.,,80922,Colorado Springs,CO,USA,,,,Grass,Open,350.0,350.0,,410.0,,385.0,385.0,America/Denver,-6,MDT,
2847,Skylands Park,False,,,,Augusta ,NJ,USA,,,,Grass,Open,330.0,330.0,,392.0,,,,America/New_York,-4,EDT,
2848,Smokies Stadium,True,3540 Line Drive,,37764,Kodak,TN,USA,,,,Grass,Open,330.0,330.0,,400.0,,375.0,375.0,America/New_York,-4,EDT,
2849,St. Lucie Sports Complex,True,525 NW Peacock Boulevard,,34986,St. Lucie,FL,USA,,,,Grass,Open,,,,,,,,America/New_York,-4,EDT,
2850,Four Winds Field,True,501 W. South Street,,46601,South Bend,IN,USA,,,,Grass,Open,336.0,336.0,,405.0,,,,America/Indiana/Indianapolis,-4,EDT,
2851,State Mutual Stadium,True,755 Braves Blvd.,,30161,Rome,GA,USA,,34.28548497,-85.16738674,Grass,Open,335.0,330.0,,400.0,,,,America/New_York,-4,EDT,
2852,121 Financial Ballpark,True,301 A. Philip Randolph Blvd.,,32202,Jacksonville,FL,USA,,,,Grass,Open,321.0,317.0,,420.0,,382.0,375.0,America/New_York,-4,EDT,
2853,The Diamond,True,3001 N. Boulevard,,23230,Richmond,VA,USA,,,,Grass,Open,330.0,330.0,,402.0,,,,America/New_York,-4,EDT,
2854,LoanMart Field,True,8408 Rochester Avenue,,91730,Rancho Cucamonga,CA,USA,,,,Grass,Open,335.0,335.0,,400.0,,,,America/Los_Angeles,-7,PDT,
2855,Tigertown,True,2301 Lakeland Hills Blvd.,,33805,Lakeland,FL,USA,,,,Grass,Open,,,,,,,,America/New_York,-4,EDT,
2856,Clover Park,True,525 N.W. Peacock Blvd.,,34986,Port St. Lucie,FL,USA,,27.32478,-80.40471,Grass,Open,338.0,338.0,,410.0,,,,America/New_York,-4,EDT,
2857,Perfect Game Field,True,950 Rockford Road S.W.,,52404,Cedar Rapids,IA,USA,,,,Grass,Open,315.0,325.0,,400.0,,,,America/Chicago,-5,CDT,
2858,Victory Field,True,501 W. Maryland Street,,46225,Indianapolis,IN,USA,,,,Grass,Open,320.0,320.0,,402.0,,418.0,362.0,America/Indiana/Indianapolis,-4,EDT,
2859,Volcanoes Stadium,True,6700 Field of Dreams Way N. E.,,97303,Keizer,OR,USA,,,,Grass,Open,325.0,325.0,,400.0,,,,America/Los_Angeles,-7,PDT,
2860,Watt Powell Park,False,,,,Charleston,WV,USA,,,,Grass,Open,340.0,330.0,,406.0,,,,America/New_York,-4,EDT,
2861,Whataburger Field,True,734 East Port Avenue,,78401,Corpus Christi,TX,USA,,27.80963078,-97.39965534,Grass,Open,325.0,315.0,,400.0,,370.0,375.0,America/Chicago,-5,CDT,
2862,Hammond Stadium,True,14400 Six Mile Cypress Pkwy.,,33912,Fort Myers,FL,USA,,26.53789,-81.84202,Grass,Open,330.0,330.0,,405.0,,,,America/New_York,-4,EDT,
2863,Yakima County Stadium,False,17 N. 3rd Street Suite 101,,98901,Yakima,WA,USA,,,,Grass,Open,295.0,295.0,,406.0,,,,America/Los_Angeles,-7,PDT,
2864,Yankee Complex,True,1 Steinbrenner Drive,,33614,Tampa,FL,USA,,,,Grass,Open,,,,,,,,America/New_York,-4,EDT,
2865,Shrine on Airline,False,6000 Airline Drive,,70003,Metairie,LA,USA,,,,Grass,Open,325.0,325.0,,400.0,,380.0,380.0,America/Chicago,-5,CDT,
2868,Delta Dental Stadium,True,1 Line Drive,,03101,Manchester,NH,USA,,42.98116845,-71.46647172,Grass,Open,326.0,306.0,,400.0,,380.0,353.0,America/New_York,-4,EDT,
2909,Progress Energy Park,False,230 1st Street Southeast,,33701,St. Petersburg,FL,USA,,,,Grass,Open,330.0,330.0,,410.0,,383.0,383.0,America/New_York,-4,EDT,
428,Default Pacific (G),False,,,,NA,,USA,,,,Grass,Open,,,,,,,,America/Los_Angeles,-7,PDT,
3189,Dow Diamond,True,825 East Main Street,,48640,Midland,MI,USA,,43.60904863,-84.23691919,Grass,Open,332.0,325.0,,400.0,,375.0,373.0,America/Detroit,-4,EDT,
3289,Citi Field,True,Citi Field,,11368,Flushing,NY,USA,(718) 507-6387,40.75753012,-73.84559155,Grass,Open,335.0,330.0,358.0,408.0,370.0,370.0,380.0,America/New_York,-4,EDT,NYC20
3290,Melching Field,False,,,,Deland,FL,USA,,,,Grass,Open,,,,,,,,America/New_York,-4,EDT,
4271,Werner Park,True,12356 Ballpark Way,,68046,Papillion,NE,USA,,,,Grass,Open,310.0,315.0,345.0,402.0,355.0,383.0,395.0,America/Chicago,-5,CDT,
4309,JetBlue Park,True,11500 Daniels Parkway,,33913,Ft. Myers,FL,USA,,26.55092,-81.76225,Grass,Open,310.0,302.0,379.0,420.0,,390.0,380.0,America/New_York,-4,EDT,
3809,Camelback Ranch,True,Camelback Ranch,10710 W. Camelback Ranch,85037,Glendale,AZ,USA,(623) 842-6000,33.51434,-112.29612,Grass,Open,345.0,345.0,380.0,410.0,380.0,,,America/Phoenix,-7,MST,
3810,Coolray Field,True,One Braves Ave.,,30043,Lawrenceville,GA,USA,,34.04050082,-83.99225214,Grass,Open,335.0,335.0,,400.0,,,,America/New_York,-4,EDT,
4089,Truist Stadium,True,951 Ballpark Way,,27101,Winston-Salem,NC,USA,,,,Grass,Open,315.0,323.0,,390.0,,375.0,379.0,America/New_York,-4,EDT,
4249,Salt River Fields at Talking Stick,True,Salt River Fields at Talking Stick,7555 N. Pima Road,85256,Scottsdale,AZ,USA,(602) 462-6561,33.54523,-111.88552,Grass,Open,345.0,345.0,,410.0,,390.0,390.0,America/Phoenix,-7,MST,
4549,Thomas Stadium,False,,,,Johnson City,TN,USA,,,,Artificial Turf,Open,,,,,,,,America/New_York,-4,EDT,
4429,Ron Tonkin Field,True,4460 NW 229th Ave.,,97124,Hillsboro,OR,USA,,,,Artificial Turf,Open,,,,,,,,America/Los_Angeles,-7,PDT,
2912,Medlar Field at Lubrano Park,True,112 Medlar Field at Lubrano Park,,16802,State College,PA,USA,,,,Grass,Open,,,,,,,,America/New_York,-4,EDT,
5250,Allstate Arena,False,,,,Rosemont,IL,USA,,,,Indoor,Dome,,,,,,,,America/Chicago,-5,CDT,
5251,Blue Cross Arena,False,,,,Rochester,NY,USA,,,,Indoor,Dome,,,,,,,,America/New_York,-4,EDT,
5252,BMO Harris Bank Center,False,,,,Rockford,IL,USA,,,,Indoor,Dome,,,,,,,,America/Chicago,-5,CDT,
5253,Bojangles' Coliseum,False,,,,Charlotte,NC,USA,,,,Indoor,Dome,,,,,,,,America/New_York,-4,EDT,
5254,Citizens Business Bank Arena,False,,,,Ontario,CA,USA,,,,Indoor,Dome,,,,,,,,America/Los_Angeles,-7,PDT,
5255,Giant Center,False,,,,Hershey,PA,USA,,,,Indoor,Dome,,,,,,,,America/New_York,-4,EDT,
5256,H-E-B Center at Cedar Park,False,,,,Cedar Park,TX,USA,,,,Indoor,Dome,,,,,,,,America/Chicago,-5,CDT,
5257,MassMutual Center,False,,,,Springfield,MA,USA,,,,Indoor,Dome,,,,,,,,America/Chicago,-5,CDT,
5258,Mohegan Sun Arena at Casey Plaza,False,,,,Wilkes-Barre,PA,USA,,,,Indoor,Dome,,,,,,,,America/New_York,-4,EDT,
5260,Stockton Arena,False,,,,Stockton,CA,USA,,,,Indoor,Dome,,,,,,,,America/Los_Angeles,-7,PDT,
5261,Times Union Center,False,,,,Albany,NY,USA,,,,Indoor,Dome,,,,,,,,America/New_York,-4,EDT,
5262,Tucson Convention Center,False,,,,Tucson,AZ,USA,,,,Indoor,Dome,,,,,,,,America/Phoenix,-7,MST,
5263,Utica Memorial Auditorium,False,,,,Utica,NY,USA,,,,Indoor,Dome,,,,,,,,America/New_York,-4,EDT,
5264,UW-Milwaukee Panther Arena,False,,,,Milwaukee,WI,USA,,,,Indoor,Dome,,,,,,,,America/Chicago,-5,CDT,
5265,Valley View Casino Center,False,,,,San Diego,CA,USA,,,,Indoor,Dome,,,,,,,,America/Los_Angeles,-7,PDT,
5266,Van Andel Arena,False,,,,Grand Rapids,MI,USA,,,,Indoor,Dome,,,,,,,,America/Detroit,-4,EDT,
5267,Veterans Memorial Arena,False,,,,Binghamton,NY,USA,,,,Indoor,Dome,,,,,,,,America/New_York,-4,EDT,
5268,Wells Fargo Arena,False,,,,Des Moines,IA,USA,,,,Indoor,Dome,,,,,,,,America/Chicago,-5,CDT,
3549,Alumni Field,False,,,,Keene,NH,USA,,,,Grass,Open,,,,,,,,America/New_York,-4,EDT,
3550,Cardines Field,False,,,,Newport,RI,USA,,,,Grass,Open,,,,,,,,America/New_York,-4,EDT,
3551,Frasier Field,False,,,,Lynn,MA,USA,,,,Grass,Open,,,,,,,,America/New_York,-4,EDT,
3552,Fuessenich Park,False,,,,Torrington,CT,USA,,,,Grass,Open,,,,,,,,America/New_York,-4,EDT,
3554,J.P. Riddle Stadium,False,,,,Fayetteville,NC,USA,,,,Grass,Open,,,,,,,,America/New_York,-4,EDT,
3555,Joe Wolfe Field,False,,,,North Adams,MA,USA,,,,Grass,Open,,,,,,,,America/New_York,-4,EDT,
3556,MacKenzie Stadium,False,,,,Holyoke,MA,USA,,,,Grass,Open,,,,,,,,America/New_York,-4,EDT,
3557,MLB Urban Youth Academy,False,,,,Compton,CA,USA,,,,Grass,Open,,,,,,,,America/Los_Angeles,-7,PDT,
3558,USA Baseball National Training Complex,False,,,,Cary,NC,USA,,,,Grass,Open,,,,,,,,America/New_York,-4,EDT,
3559,Wahconah Park,False,,,,Pittsfield,MA,USA,,,,Grass,Open,,,,,,,,America/New_York,-4,EDT,
4149,ONEOK Field,True,201 N. Elgin,,74120,Tulsa,OK,USA,,,,Grass,Open,330.0,307.0,,400.0,,381.0,371.0,America/Chicago,-5,CDT,
3329,Arvest Ballpark,True,3000 S. 56th Street,,72762,Springdale,AR,USA,,,,Grass,Open,327.0,325.0,,400.0,,388.0,369.0,America/Chicago,-5,CDT,
3449,English Field,False,,,,Blacksburg,VA,USA,,,,Grass,Open,330.0,330.0,,400.0,,375.0,375.0,America/New_York,-4,EDT,
4049,Doak Field at Dail Park,False,,,,Raleigh,NC,USA,,,,Grass,Open,325.0,330.0,,400.0,,370.0,375.0,America/New_York,-4,EDT,
4050,Minges-Overton Baseball Complex,False,,,,Greenville,NC,USA,,,,Grass,Open,,,,,,,,America/New_York,-4,EDT,
4051,Frazier Field,False,,,,Louisburg,NC,USA,,,,Grass,Open,330.0,310.0,,,,360.0,355.0,America/New_York,-4,EDT,
4329,Blue Wahoos Stadium,True,351 W. Cedar Street,,32502,Pensacola,FL,USA,,,,Grass,Open,325.0,335.0,,400.0,,,,America/Chicago,-5,CDT,
3249,Buck O'Neil Complex,False,6700 Clark Road,,34241,Sarasota,FL,USA,,,,Grass,Open,,,,,,,,America/New_York,-4,EDT,
4529,Regions Field,True,1401 1st Avenue South,,35233,Birmingham,AL,USA,,,,Grass,Open,320.0,325.0,,400.0,,380.0,375.0,America/Chicago,-5,CDT,
5017,Amalie Arena,False,401 Channelside Drive,,33602,Tampa,FL,USA,(813) 301-6500,,,Indoor,Dome,,,,,,,,America/New_York,-4,EDT,
5018,American Airlines Arena,False,601 Biscayne Boulevard,,33132,Miami,FL,USA,(786) 777-1000,,,Indoor,Dome,,,,,,,,America/New_York,-4,EDT,
5019,American Airlines Center,False,2500 Victory Avenue,,75219,Dallas,TX,USA,(214) 222-3687,,,Indoor,Dome,,,,,,,,America/Chicago,-5,CDT,
5020,Amway Center,False,400 West Church Street,,32801,Orlando,FL,USA,(407) 440-7000,,,Indoor,Dome,,,,,,,,America/New_York,-4,EDT,
5022,AT&T Center,False,1 AT&T Center Parkway,,78219,San Antonio,TX,USA,(210) 444-5000,,,Indoor,Dome,,,,,,,,America/Chicago,-5,CDT,
5025,Bankers Life Fieldhouse,False,125 S. Pennsylvania Street,,46204,Indianapolis,IN,USA,(317) 917-2500,,,Indoor,Dome,,,,,,,,America/Indiana/Indianapolis,-4,EDT,
5026,Barclays Center,False,620 Atlantic Avenue,,11217,New York,NY,USA,(917) 618-6100,,,Indoor,Dome,,,,,,,,America/New_York,-4,EDT,
5027,BB&T Center,False,1 Panther Parkway,,33323,Sunrise,FL,USA,(954) 835-7000,,,Indoor,Dome,,,,,,,,America/New_York,-4,EDT,
5029,BMO Harris Bradley Center,False,1001 N. 4th Street,,53203,Milwaukee,WI,USA,(414) 227-0400,,,Indoor,Dome,,,,,,,,America/Chicago,-5,CDT,
5030,Bridgestone Arena,False,501 Broadway,,37203,Nashville,TN,USA,,,,Indoor,Dome,,,,,,,,America/Chicago,-5,CDT,
5033,Chesapeake Energy Arena,False,100 W. Reno Avenue,,73102,Oklahoma City,OK,USA,(405) 602-8700,,,Indoor,Dome,,,,,,,,America/Chicago,-5,CDT,
5034,PPG Paints Arena,False,1001 Fifth Avenue,,15219,Pittsburgh,PA,USA,(412) 642-1800,,,Indoor,Dome,,,,,,,,America/New_York,-4,EDT,
5038,FedEx Forum,False,191 Beale Street,,38103,Memphis,TN,USA,(901) 205-2525,,,Indoor,Dome,,,,,,,,America/Chicago,-5,CDT,
5054,Madison Square Garden,False,4 Pennsylvania Plaza,,10001,New York,NY,USA,(212) 465-6741,,,Indoor,Dome,,,,,,,,America/New_York,-4,EDT,
5057,Moda Center,False,1 Center Court,,97227,Portland,OR,USA,(503) 235-8771,,,Indoor,Dome,,,,,,,,America/Los_Angeles,-7,PDT,
5059,Nationwide Arena,False,200 W. Nationwide Boulevard,,43215,Columbus,OH,USA,(614) 246-2000,,,Indoor,Dome,,,,,,,,America/New_York,-4,EDT,
5039,KeyBank Center,False,1 Seymour H. Knox Plaza,,14203,Buffalo,NY,USA,(716) 855-4100,,,Indoor,Dome,,,,,,,,America/New_York,-4,EDT,
5042,Georgia Dome,False,,,,Atlanta,GA,USA,,,,Indoor,Dome,,,,,,,,America/New_York,-4,EDT,
5043,Gila River Arena,False,9400 W. Maryland Avenue,,85305,Glendale,AZ,USA,(623) 772-3200,,,Indoor,Dome,,,,,,,,America/Phoenix,-7,MST,
5044,Gillette Stadium,False,,,,Foxborough,MA,USA,,,,Artificial Turf,Open,,,,,,,,America/New_York,-4,EDT,
5045,Heinz Field,False,,,,Pittsburgh,PA,USA,,,,Grass,Open,,,,,,,,America/New_York,-4,EDT,
5046,Honda Center,False,2695 E. Katella Avenue,,92806,Anaheim,CA,USA,(714) 704-2400,,,Indoor,Dome,,,,,,,,America/Los_Angeles,-7,PDT,
5047,Joe Louis Arena,False,19 Steve Yzerman Drive,,48226,Detroit,MI,USA,(313) 471-7000,,,Indoor,Dome,,,,,,,,America/Detroit,-4,EDT,
5062,Oakland-Alameda County Coliseum Arena,False,7000 Coliseum Way,,94621,Oakland,CA,USA,(510) 569-2121,,,Indoor,Dome,,,,,,,,America/Los_Angeles,-7,PDT,
5064,Pepsi Center,False,1000 Chopper Circle,,80204,Denver,CO,USA,(303) 405-1100,,,Indoor,Dome,,,,,,,,America/Denver,-6,MDT,
5066,PNC Arena,False,1400 Edwards Mill Road,,27607,Raleigh,NC,USA,(919) 467-7825,,,Indoor,Dome,,,,,,,,America/New_York,-4,EDT,
5067,Prudential Center,False,25 Lafayette Street,,7102,Newark,NJ,USA,(973) 757-6600,,,Indoor,Dome,,,,,,,,America/New_York,-4,EDT,
5069,Quicken Loans Arena,False,1 Center Court,,44115,Cleveland,OH,USA,(216) 420-2000,,,Indoor,Dome,,,,,,,,America/New_York,-4,EDT,
5076,Scottrade Center,False,1401 Clark Avenue,,63103,Saint Louis,MO,USA,(314) 622-5400,,,Indoor,Dome,,,,,,,,America/Chicago,-5,CDT,
5077,Sleep Train Arena,False,1 Sports Parkway,,95834,Sacramento,CA,USA,(916) 928-6900,,,Indoor,Dome,,,,,,,,America/Los_Angeles,-7,PDT,
5078,Smoothie King Center,False,1501 Dave Dixon Drive,,70113,New Orleans,LA,USA,(504) 587-3663,,,Indoor,Dome,,,,,,,,America/Chicago,-5,CDT,
5081,Staples Center,False,1111 S. Figueroa Street,,90015,Los Angeles,CA,USA,(213) 742-7100,,,Indoor,Dome,,,,,,,,America/Los_Angeles,-7,PDT,
5083,Talking Stick Resort Arena,False,201 E. Jefferson Street,,85004,Phoenix,AZ,USA,(602) 379-7800,,,Indoor,Dome,,,,,,,,America/Phoenix,-7,MST,
5084,Target Center,False,600 First Avenue North,,55403,Minneapolis,MN,USA,(612) 673-1300,,,Indoor,Dome,,,,,,,,America/Chicago,-5,CDT,
5085,TD Garden,False,100 Legends Way,,2114,Boston,MA,USA,(617) 624-1050,,,Indoor,Dome,,,,,,,,America/New_York,-4,EDT,
5086,The Palace at Auburn Hills,False,6 Championship Drive,,48326,Auburn Hills,MI,USA,(248) 377-0100,,,Indoor,Dome,,,,,,,,America/Detroit,-4,EDT,
5087,Time Warner Arena,False,333 E. Trade Street,,28202,Charlotte,NC,USA,(704) 688-9000,,,Indoor,Dome,,,,,,,,America/New_York,-4,EDT,
5089,Toyota Center,False,1510 Polk Street,,77002,Houston,TX,USA,(713) 758-7200,,,Indoor,Dome,,,,,,,,America/Chicago,-5,CDT,
4965,Monongalia County Ballpark,True,2040 Gyorko Drive,,26534,Granville,WV,USA,,,,Artificial Turf,Open,325.0,325.0,,400.0,,375.0,375.0,America/Kentucky/Louisville,-4,EDT,
4705,Truist Park,True,755 Battery Avenue,,30339,Atlanta,GA,USA,,33.890672,-84.467641,Grass,Open,335.0,325.0,375.0,400.0,,385.0,375.0,America/New_York,-4,EDT,
5092,United Center,False,1901 W. Madison Street,,60612,Chicago,IL,USA,(312) 455-4500,,,Indoor,Dome,,,,,,,,America/Chicago,-5,CDT,
5094,Verizon Center,False,601 F Street NW,,20004,Washington,DC,USA,(202) 628-3200,,,Indoor,Dome,,,,,,,,America/New_York,-4,EDT,
5095,Vivint Smart Home Arena,False,301 S. Temple,,84101,Salt Lake City,UT,USA,(801) 325-2000,,,Indoor,Dome,,,,,,,,America/Denver,-6,MDT,
5096,Wells Fargo Center,False,3601 S. Broad Street,,19148,Philadelphia,PA,USA,(215) 336-3600,,,Indoor,Dome,,,,,,,,America/New_York,-4,EDT,
5098,Xcel Energy Center,False,199 W. Kellogg Boulevard,,55102,Saint Paul,MN,USA,(651) 265-4800,,,Indoor,Dome,,,,,,,,America/Chicago,-5,CDT,
5280,Golden 1 Center,False,500 David J. Stern Walk,,95814,Sacramento,CA,USA,(916) 701-5400,,,Indoor,Dome,,,,,,,,America/Los_Angeles,-7,PDT,
5325,Globe Life Field,True,734 Stadium Drive,,76011,Arlington,TX,USA,(817) 533-1972,32.747299,-97.081818,Artificial Turf,Retractable,329.0,326.0,,407.0,,372.0,374.0,America/Chicago,-5,CDT,
5305,Kansas City Convention Center,False,,,,Kansas City,MO,USA,,,,Indoor,Indoor,,,,,,,,America/Chicago,-5,CDT,
4980,Segra Park,True,1640 Freed Street,,29201,Columbia,SC,USA,,,,Grass,Open,,,,,,,,America/New_York,-4,EDT,
4960,MGM Park,True,145 Caillavet Street,,39530,Biloxi,MS,USA,,,,Grass,Open,330.0,330.0,,402.0,,,,America/Chicago,-5,CDT,
5145,Little Caesars Arena,False,2645 Woodward Avenue,,48201,Detroit,MI,USA,(313) 471-7000,,,Indoor,Dome,,,,,,,,America/Detroit,-4,EDT,
5270,Duke Energy Convention Center,False,,,,Cincinnati,OH,USA,,,,Indoor,Dome,,,,,,,,America/New_York,-4,EDT,
5000,The Ballpark of the Palm Beaches,True,5444 Haverhill Road,,33407,West Palm Beach,FL,USA,(561) 500-4487,26.75475,-80.11316,Grass,Open,,,,,,,,America/New_York,-4,EDT,
5010,Fort Bragg Field,False,,,,Fort Bragg,NC,USA,,,,Grass,Open,331.0,331.0,,405.0,,387.0,387.0,America/New_York,-4,EDT,
5275,Hank McCamish Pavilion,False,,,,Atlanta,GA,USA,,,,Indoor,Dome,,,,,,,,America/New_York,-4,EDT,
5276,Mohegan Sun Arena,False,,,,Uncasville,CT,USA,,,,Indoor,Dome,,,,,,,,America/Chicago,-5,CDT,
5277,College Park Center,False,,,,Arlington,TX,USA,,,,Indoor,Dome,,,,,,,,America/Chicago,-5,CDT,
5285,Jim Perry Stadium,False,,,,Buies Creek,NC,USA,,,,Grass,Open,337.0,328.0,,395.0,,368.0,375.0,America/New_York,-4,EDT,
5455,Toyota Field,True,500 Trash Panda Way,,35758,Madison,AL,USA,,,,Grass,Open,,,,,,,,America/Chicago,-5,CDT,
5435,IMG Academy,False,,,,Bradenton,FL,USA,,,,Grass,Open,,,,,,,,America/New_York,-4,EDT,
5430,Magic Box,False,,,,Los Angeles,CA,USA,,,,Indoor,Indoor,,,,,,,,America/Los_Angeles,-7,PDT,
5480,CaroMont Health Park,True,800 W Franklin Blvd.,,28052,Gastonia,NC,USA,(704) 874-1810,,,Grass,Open,,,,,,,,America/New_York,-4,EDT,
5355,Las Vegas Ballpark,True,1650 South Pavilion Center Drive,,89135,Summerlin,NV,USA,,,,Grass,Open,340.0,340.0,,415.0,,380.0,380.0,America/Los_Angeles,-7,PDT,
5485,Regency Athletic Complex,False,,,,Denver,CO,USA,,,,Grass,Open,,,,,,,,America/Denver,-6,MDT,
5345,SRP Park,True,187 Railroad Ave.,,29841,North Augusta,SC,USA,,33.48481273,-81.97456486,Grass,Open,330.0,318.0,,396.0,,,,America/New_York,-4,EDT,
5510,Sonny Pittaro Field,True,,,,Lawrenceville,NJ,USA,,,,Grass,Open,330.0,330.0,,405.0,,,,America/New_York,-4,EDT,
4977,Giants Baseball Complex,True,,,,Scottsdale,AZ,USA,,,,Grass,Open,,,,,,,,America/Phoenix,-7,MST,
5106,America West Arena,False,,,,Phoenix,AZ,USA,,,,Indoor,Dome,,,,,,,,America/New_York,-4,EDT,
5107,Boston Arena,False,,,,Boston,MA,USA,,,,Indoor,Dome,,,,,,,,America/New_York,-4,EDT,
5108,Boston Garden,False,,,,Boston,MA,USA,,,,Indoor,Dome,,,,,,,,America/New_York,-4,EDT,
5109,Buffalo Memorial Auditorium,False,,,,Buffalo,NY,USA,,,,Indoor,Dome,,,,,,,,America/New_York,-4,EDT,
5110,Omni Coliseum,False,,,,Atlanta,GA,USA,,,,Indoor,Dome,,,,,,,,America/New_York,-4,EDT,
5112,XL Center,False,,,,Hartford,CT,USA,,,,Indoor,Dome,,,,,,,,America/New_York,-4,EDT,
5113,Greensboro Coliseum,False,,,,Raleigh,NC,USA,,,,Indoor,Dome,,,,,,,,America/New_York,-4,EDT,
5114,Chicago Coliseum,False,,,,Chicago,IL,USA,,,,Indoor,Dome,,,,,,,,America/Chicago,-5,CDT,
5115,Chicago Stadium,False,,,,Chicago,IL,USA,,,,Indoor,Dome,,,,,,,,America/New_York,-4,EDT,
5117,McNichols Sports Arena,False,,,,Denver,CO,USA,,,,Indoor,Dome,,,,,,,,America/Denver,-6,MDT,
5118,Met Center,False,,,,Minneapolis,MN,USA,,,,Indoor,Dome,,,,,,,,America/New_York,-4,EDT,
5119,Reunion Arena,False,,,,Dallas,TX,USA,,,,Indoor,Dome,,,,,,,,America/Chicago,-5,CDT,
5120,Detroit Olympia,False,,,,Detroit,MI,USA,,,,Indoor,Dome,,,,,,,,America/New_York,-4,EDT,
5121,Miami Arena,False,,,,Miami,FL,USA,,,,Indoor,Dome,,,,,,,,America/New_York,-4,EDT,
5122,Long Beach Arena,False,,,,Los Angeles,CA,USA,,,,Indoor,Dome,,,,,,,,America/New_York,-4,EDT,
5123,The Forum,False,,,,Los Angeles,CA,USA,,,,Indoor,Dome,,,,,,,,America/Los_Angeles,-7,PDT,
5128,Kemper Arena,False,,,,Kansas City,MO,USA,,,,Indoor,Dome,,,,,,,,America/Chicago,-5,CDT,
5129,McNichols Arena,False,,,,Denver,CO,USA,,,,Indoor,Dome,,,,,,,,America/New_York,-4,EDT,
5130,Continental Airlines Arena,False,,,,Newark,NJ,USA,,,,Indoor,Dome,,,,,,,,America/New_York,-4,EDT,
5131,Nassau Veterans Memorial Coliseum,False,,,,Uniondale,NY,USA,,,,Indoor,Dome,,,,,,,,America/New_York,-4,EDT,
5132,Madison Square Garden (III),False,,,,New York,NY,USA,,,,Indoor,Dome,,,,,,,,America/New_York,-4,EDT,
5134,Spectrum,False,,,,Philadelphia,PA,USA,,,,Indoor,Dome,,,,,,,,America/New_York,-4,EDT,
5135,Civic Arena,False,,,,Pittsburgh,PA,USA,,,,Indoor,Dome,,,,,,,,America/New_York,-4,EDT,
5136,Cow Palace,False,,,,San Jose,CA,USA,,,,Indoor,Dome,,,,,,,,America/Los_Angeles,-7,PDT,
5137,St. Louis Arena,False,,,,St. Louis,MO,USA,,,,Indoor,Dome,,,,,,,,America/New_York,-4,EDT,
5138,Expo Hall,False,,,,Tampa,FL,USA,,,,Indoor,Dome,,,,,,,,America/New_York,-4,EDT,
5139,Thunderdome,False,,,,Tampa,FL,USA,,,,Indoor,Dome,,,,,,,,America/New_York,-4,EDT,
5143,Capital Centre,False,,,,Washington,DC,USA,,,,Indoor,Dome,,,,,,,,America/New_York,-4,EDT,
5144,Phillips Arena,False,1 Philips Drive,,30303,Atlanta,GA,USA,(404) 878-3000,,,Indoor,Dome,,,,,,,,America/New_York,-4,EDT,
5419,Fairfield Properties Ballpark,True,3 Court House Drive ,,11722,Central Islip,NY,USA,(631) 940-3825,,,Grass,Open,325.0,325.0,,400.0,,,,America/New_York,-4,EDT,
5416,Regency Furniture Stadium,True,11765 St. Linus Drive,,20602,Waldorf,MD,USA,(301) 638-9788,,,Grass,Open,310.0,325.0,,400.0,,,,America/New_York,-4,EDT,
5360,Sliwa Stadium,False,,,,Daytona Beach,FL,USA,,29.21081,-81.02283,Grass,Open,330.0,330.0,,400.0,,375.0,375.0,America/New_York,-4,EDT,
5440,Campbell's Field,False,,,,Camden,NJ,USA,,,,Grass,Open,325.0,325.0,,405.0,,,,America/New_York,-4,EDT,
5441,Cooper Park,False,,,,Millersville,PA,USA,,,,Grass,Open,,,,,,,,America/New_York,-4,EDT,
5442,Riverfront Stadium,False,,,,Newark,NJ,USA,,,,Grass,Open,302.0,320.0,,394.0,,364.0,365.0,America/New_York,-4,EDT,
5444,The Ballpark at Harbor Yard,False,,,,Bridgeport,CT,USA,,,,Grass,Open,325.0,325.0,,405.0,,,,America/New_York,-4,EDT,
5350,Maestri Stadium,True,,,,New Orleans,LA,USA,,,,Grass,Open,330.0,330.0,,405.0,,370.0,370.0,America/Chicago,-5,CDT,
5351,Wesley Barrow Stadium,True,,,,New Orleans,LA,USA,,,,Artificial Turf,Open,,,,,,,,America/Chicago,-5,CDT,
5370,Texas Live!,False,,,,Arlington,TX,USA,,,,Indoor,Open,,,,,,,,America/Chicago,-5,CDT,
5400,SEGRA Stadium,True,472 Hay Street,,28301,Fayetteville,NC,USA,,35.05585758,-78.88367869,Grass,Open,319.0,330.0,,400.0,,372.0,382.0,America/New_York,-4,EDT,
5410,Polar Park,True,100 Madison Street,,01608,Worcester,MA,USA,,42.25708981,-71.80118812,Grass,Open,,,,,,,,America/New_York,-4,EDT,
5445,Field of Dreams,True,,,,Dyersville,IA,USA,,42.498241,-91.056486,Grass,Open,335.0,335.0,,400.0,,380.0,380.0,America/Chicago,-5,CDT,
5425,Fredericksburg Baseball Stadium,False,,,,Fredericksburg,VA,USA,,38.30318,-77.46054,Grass,Open,,,,,,,,America/New_York,-4,EDT,
5415,Hodgetown,True,715 South Buchanan Street,,79101,Amarillo,TX,USA,,,,Grass,Open,,,,,,,,America/Chicago,-5,CDT,
5390,Foxwoods Winter Weekend,False,,,,Ledyard,CT,USA,,41.4456,-72.0182,Indoor,Indoor,,,,,,,,America/New_York,-4,EDT,
5465,Morse Stadium,False,,,,Henderson,NV,USA,,,,Grass,Open,,,,,,,,America/Los_Angeles,-7,PDT,
5470,Blair Field,False,,,,Long Beach,CA,USA,,,,Grass,Open,,,,,,,,America/Los_Angeles,-7,PDT,
5471,Boomers Stadium,False,,,,Schaumburg,IL,USA,,,,Grass,Open,,,,,,,,America/Chicago,-5,CDT,
5472,CHS Field,True,360 N. Broadway Street,,55101,St. Paul,MN,USA,,44.95089753,-93.08457165,Grass,Open,,,,,,,,America/Chicago,-5,CDT,
5473,Dedeaux Field,False,,,,Los Angeles,CA,USA,,,,Grass,Open,,,,,,,,America/Los_Angeles,-7,PDT,
5474,Legacy Field at Prasco Park,False,,,,Mason,OH,USA,,,,Artificial Turf,Open,,,,,,,,America/New_York,-4,EDT,
5475,T-Bones Stadium,False,,,,Kansas City,KS,USA,,,,Grass,Open,,,,,,,,America/Chicago,-5,CDT,
5417,Truist Point,True,214 Lindsay Street,,27262,High Point,NC,USA,(336) 888-1000,,,Grass,Open,,,,,,,,America/New_York,-4,EDT,
5418,TD Bank Ballpark,True,860 East Main Street ,,08807,Bridgewater,NJ,USA,(908) 252-0700,40.56082702,-74.55328565,Grass,Open,317.0,315.0,,402.0,,,,America/New_York,-4,EDT,
5420,Clipper Magazine Stadium,True,650 North Prince Street,,17603,Lancaster,PA,USA,(717) 509-4487,,,Grass,Open,320.0,300.0,,400.0,,409.0,363.0,America/New_York,-4,EDT,
5421,Constellation Field,True,1 Stadium Drive,,77498,Sugar Land,TX,USA,(281) 207-9132,29.62275863,-95.64718141,Grass,Open,325.0,348.0,,405.0,,,,America/Chicago,-5,CDT,
5422,PeoplesBank Park,True,5 Brooks Robinson Way,,17401,York,PA,USA,(717) 801-4490,,,Grass,Open,300.0,326.0,,405.0,,,,America/New_York,-4,EDT,
5365,TD Ameritrade Park,False,1200 Mike Fahey Street,,68102,Omaha,NE,USA,(402) 341-1500,41.25861,-95.93779,Grass,Open,335.0,335.0,,408.0,,375.0,375.0,America/Chicago,-5,CDT,
5380,CoolToday Park,True,,,,North Port,FL,USA,,27.04422,-82.23593,Grass,Open,335.0,325.0,385.0,400.0,375.0,,,America/New_York,-4,EDT,
5450,Riverfront Stadium,True,275 S. McLean Blvd,,67213,Wichita,KS,USA,,,,Grass,Open,,,,,,,,America/Chicago,-5,CDT,
5330,Uni-Trade Stadium,True,6320 Sinatra Parkway,,78041,Laredo,TX,USA,(956) 753-6877,,,Grass,Open,335.0,335.0,,405.0,,385.0,385.0,America/Chicago,-5,CDT,
